"Dataset","taxonID","datasetID","parentNameUsageID","acceptedNameUsageID","originalNameUsageID","scientificName","scientificNameAuthorship","canonicalName","genericName","specificEpithet","infraspecificEpithet","taxonRank","nameAccordingTo","namePublishedIn","nomenclaturalStatus","taxonRemarks","kingdom","phylum","class","order","family","genus"
"BOTH",2183468,"7ddf754f-d193-4cc9-b351-99906754a03b","7967293","2184237",NA,"Dermacentor electus Neumann, 1897","Neumann, 1897","Dermacentor electus","Dermacentor","electus",NA,"species",NA,NA,NA,NA,"Animalia","Arthropoda","Arachnida","Ixodida","Ixodidae","Amblyomma"
"BOTH",2184168,"7ddf754f-d193-4cc9-b351-99906754a03b","7967293","2184165",NA,"Amblyomma longirostrum Cooper & Robinson, 1908","Cooper & Robinson, 1908","Amblyomma longirostrum","Amblyomma","longirostrum",NA,"species",NA,NA,NA,NA,"Animalia","Arthropoda","Arachnida","Ixodida","Ixodidae","Amblyomma"
"BOTH",5174561,"7ddf754f-d193-4cc9-b351-99906754a03b","7967293","2184322",NA,"Aponomma patagonicum Schulze, 1936","Schulze, 1936","Aponomma patagonicum","Aponomma","patagonicum",NA,"species",NA,NA,NA,NA,"Animalia","Arthropoda","Arachnida","Ixodida","Ixodidae","Amblyomma"
"BOTH",8901363,"7ddf754f-d193-4cc9-b351-99906754a03b","2183844","2183566",NA,"Rhipicephalus sanguineus sanguineus","Lamontellerie, 1960","Rhipicephalus sanguineus sanguineus","Rhipicephalus","sanguineus","sanguineus","subspecies",NA,NA,NA,NA,"Animalia","Arthropoda","Arachnida","Ixodida","Ixodidae","Rhipicephalus"
"BOTH",8709313,"7ddf754f-d193-4cc9-b351-99906754a03b","2183844","2183566",NA,"Rhipicephalus sanguineus Rageau, 1951","Rageau, 1951","Rhipicephalus sanguineus","Rhipicephalus","sanguineus",NA,"species",NA,NA,NA,NA,"Animalia","Arthropoda","Arachnida","Ixodida","Ixodidae","Rhipicephalus"
"BOTH",8348395,"7ddf754f-d193-4cc9-b351-99906754a03b","2184370","2183382",NA,"Dermacentor auratus Anastos, 1950","Anastos, 1950","Dermacentor auratus","Dermacentor","auratus",NA,"species",NA,NA,NA,NA,"Animalia","Arthropoda","Arachnida","Ixodida","Ixodidae","Dermacentor"
"BOTH",2184286,"7ddf754f-d193-4cc9-b351-99906754a03b","7967293","2184283",NA,"Amblyomma primaculatum Warburton, 1925","Warburton, 1925","Amblyomma primaculatum","Amblyomma","primaculatum",NA,"species",NA,NA,NA,NA,"Animalia","Arthropoda","Arachnida","Ixodida","Ixodidae","Amblyomma"
"BOTH",7429760,"7ddf754f-d193-4cc9-b351-99906754a03b","7967293","2184210",NA,"Amblyomma hebraeum Schoenaers, 1951","Schoenaers, 1951","Amblyomma hebraeum","Amblyomma","hebraeum",NA,"species",NA,NA,NA,NA,"Animalia","Arthropoda","Arachnida","Ixodida","Ixodidae","Amblyomma"
"BOTH",2183322,"7ddf754f-d193-4cc9-b351-99906754a03b","2184365","2183316",NA,"Hyalomma inermis Pomerantsev, Matikashvili & Lototsky, 1940","Pomerantsev, Matikashvili & Lototsky, 1940","Hyalomma inermis","Hyalomma","inermis",NA,"species",NA,NA,NA,NA,"Animalia","Arthropoda","Arachnida","Ixodida","Ixodidae","Haemaphysalis"
"BOTH",2182581,"7ddf754f-d193-4cc9-b351-99906754a03b","8326529","2182580",NA,"Exopalpiger heroldi Cerny, 1959","Cerny, 1959","Exopalpiger heroldi","Exopalpiger","heroldi",NA,"species",NA,NA,NA,NA,"Animalia","Arthropoda","Arachnida","Ixodida","Ixodidae","Ixodes"
"BOTH",8207873,"7ddf754f-d193-4cc9-b351-99906754a03b","8326529","5174075",NA,"Ixodes ugandanus Rageau, 1954","Rageau, 1954","Ixodes ugandanus","Ixodes","ugandanus",NA,"species",NA,NA,NA,NA,"Animalia","Arthropoda","Arachnida","Ixodida","Ixodidae","Ixodes"
"BOTH",2183323,"7ddf754f-d193-4cc9-b351-99906754a03b","2184365","2183316",NA,"Ixodes punctulatus Canestrini & Fanzago, 1878","Canestrini & Fanzago, 1878","Ixodes punctulatus","Ixodes","punctulatus",NA,"species",NA,NA,NA,NA,"Animalia","Arthropoda","Arachnida","Ixodida","Ixodidae","Haemaphysalis"
"BOTH",6184503,"7ddf754f-d193-4cc9-b351-99906754a03b","2183844","2183657",NA,"Boophilus annulatus microdus Arnold, 1935","Arnold, 1935","Boophilus annulatus microdus","Boophilus","annulatus","microdus","subspecies",NA,NA,NA,NA,"Animalia","Arthropoda","Arachnida","Ixodida","Ixodidae","Rhipicephalus"
"BOTH",5174445,"7ddf754f-d193-4cc9-b351-99906754a03b","2183844","2183657",NA,"Ixodes australis Ruotsalainen, 1903","Ruotsalainen, 1903","Ixodes australis","Ixodes","australis",NA,"species",NA,NA,NA,NA,"Animalia","Arthropoda","Arachnida","Ixodida","Ixodidae","Rhipicephalus"
"BOTH",2183704,"7ddf754f-d193-4cc9-b351-99906754a03b","2183844","2183657",NA,"Margaropus microphilus Castellani & Chalmers, 1910","Castellani & Chalmers, 1910","Margaropus microphilus","Margaropus","microphilus",NA,"species",NA,NA,NA,NA,"Animalia","Arthropoda","Arachnida","Ixodida","Ixodidae","Rhipicephalus"
"BOTH",5800750,"de8934f4-a136-481c-a87a-b0b202b80a31","4406659","6887808","5775536","Hypoaspis miles (Berlese, 1882)","(Berlese, 1882)","Hypoaspis miles","Hypoaspis","miles",NA,"species",NA,NA,NA,NA,"Animalia","Arthropoda","Arachnida","Mesostigmata","Laelapidae","Stratiolaelaps"
"BOTH",4548831,"de8934f4-a136-481c-a87a-b0b202b80a31","4406659","6887808","5775536","Stratiolaelaps miles (Berlese, 1882)","(Berlese, 1882)","Stratiolaelaps miles","Stratiolaelaps","miles",NA,"species",NA,NA,NA,NA,"Animalia","Arthropoda","Arachnida","Mesostigmata","Laelapidae","Stratiolaelaps"
"BOTH",2183425,"7ddf754f-d193-4cc9-b351-99906754a03b","2184370","2183432",NA,"Ixodes marmoratus Mégnin, 1880","Mégnin, 1880","Ixodes marmoratus","Ixodes","marmoratus",NA,"species",NA,NA,NA,NA,"Animalia","Arthropoda","Arachnida","Ixodida","Ixodidae","Dermacentor"
"BOTH",2183440,"7ddf754f-d193-4cc9-b351-99906754a03b","2184370","2183432",NA,"Dermacentor reticularis Anderson, 1909","Anderson, 1909","Dermacentor reticularis","Dermacentor","reticularis",NA,"species",NA,NA,NA,NA,"Animalia","Arthropoda","Arachnida","Ixodida","Ixodidae","Dermacentor"
"BOTH",7742287,"7ddf754f-d193-4cc9-b351-99906754a03b","2184370","2183432",NA,"Ixodes holsatus Klenati, 1857","Klenati, 1857","Ixodes holsatus","Ixodes","holsatus",NA,"species",NA,NA,NA,NA,"Animalia","Arthropoda","Arachnida","Ixodida","Ixodidae","Dermacentor"
"BOTH",7721045,"7ddf754f-d193-4cc9-b351-99906754a03b","2184370","2183432",NA,"Dermacentor marginatus Olenev, 1931","Olenev, 1931","Dermacentor marginatus","Dermacentor","marginatus",NA,"species",NA,NA,NA,NA,"Animalia","Arthropoda","Arachnida","Ixodida","Ixodidae","Dermacentor"
"BOTH",2184274,"7ddf754f-d193-4cc9-b351-99906754a03b","7967293","2184273",NA,"Amblyomma cyprium Krijgsman & Ponto, 1933","Krijgsman & Ponto, 1933","Amblyomma cyprium","Amblyomma","cyprium",NA,"species",NA,NA,NA,NA,"Animalia","Arthropoda","Arachnida","Ixodida","Ixodidae","Amblyomma"
"BOTH",2184055,"7ddf754f-d193-4cc9-b351-99906754a03b","7967293","2184047",NA,"Dermacentor rhinozerotis Karsch, 1878","Karsch, 1878","Dermacentor rhinozerotis","Dermacentor","rhinozerotis",NA,"species",NA,NA,NA,NA,"Animalia","Arthropoda","Arachnida","Ixodida","Ixodidae","Amblyomma"
"BOTH",2184057,"7ddf754f-d193-4cc9-b351-99906754a03b","7967293","2184047",NA,"Hyalomma walckenaeri Bequaert, 1933","Bequaert, 1933","Hyalomma walckenaeri","Hyalomma","walckenaeri",NA,"species",NA,NA,NA,NA,"Animalia","Arthropoda","Arachnida","Ixodida","Ixodidae","Amblyomma"
"BOTH",10669396,"4dd32523-a3a3-43b7-84df-4cda02f15cf7","2192636","2192646",NA,"Nothrus scabrus Koch, 1879","Koch, 1879","Nothrus scabrus","Nothrus","scabrus",NA,"species",NA,NA,NA,"Originally found in sources as proparte synonym of Hermannia subglabra Berlese, 1910","Animalia","Arthropoda","Arachnida","Sarcoptiformes","Hermanniidae","Hermannia"
"BOTH",2184048,"7ddf754f-d193-4cc9-b351-99906754a03b","7967293","2184047",NA,"Rhipicephalus walckenaeri Kratz, 1940","Kratz, 1940","Rhipicephalus walckenaeri","Rhipicephalus","walckenaeri",NA,"species",NA,NA,NA,NA,"Animalia","Arthropoda","Arachnida","Ixodida","Ixodidae","Amblyomma"
"BOTH",2184914,"7ddf754f-d193-4cc9-b351-99906754a03b","2184982","2184910",NA,"Argas minutus Pratt, 1916","Pratt, 1916","Argas minutus","Argas","minutus",NA,"species",NA,NA,NA,NA,"Animalia","Arthropoda","Arachnida","Ixodida","Argasidae","Argas"
"BOTH",6184390,"7ddf754f-d193-4cc9-b351-99906754a03b","2184982","2184910",NA,"Argas persicus porteri Lahille, 1915","Lahille, 1915","Argas persicus porteri","Argas","persicus","porteri","subspecies",NA,NA,NA,NA,"Animalia","Arthropoda","Arachnida","Ixodida","Argasidae","Argas"
"BOTH",7643568,"7ddf754f-d193-4cc9-b351-99906754a03b","8326529","5174305",NA,"Ixodes percavatus Tubb, 1937","Tubb, 1937","Ixodes percavatus","Ixodes","percavatus",NA,"species",NA,NA,NA,NA,"Animalia","Arthropoda","Arachnida","Ixodida","Ixodidae","Ixodes"
"BOTH",5174390,"7ddf754f-d193-4cc9-b351-99906754a03b","8326529","2182693",NA,"Ixodes marii Olenev, 1934","Olenev, 1934","Ixodes marii","Ixodes","marii",NA,"species",NA,NA,NA,NA,"Animalia","Arthropoda","Arachnida","Ixodida","Ixodidae","Ixodes"
"BOTH",5174389,"7ddf754f-d193-4cc9-b351-99906754a03b","8326529","2182693",NA,"Ixodes plumbeus obturatorius Babos, 1964","Babos, 1964","Ixodes plumbeus obturatorius","Ixodes","plumbeus","obturatorius","subspecies",NA,NA,NA,NA,"Animalia","Arthropoda","Arachnida","Ixodida","Ixodidae","Ixodes"
"BOTH",2182400,"7ddf754f-d193-4cc9-b351-99906754a03b","8326529","2182397",NA,"Ixodes vulpinus Babos, 1964","Babos, 1964","Ixodes vulpinus","Ixodes","vulpinus",NA,"species",NA,NA,NA,NA,"Animalia","Arthropoda","Arachnida","Ixodida","Ixodidae","Ixodes"
"BOTH",2182739,"7ddf754f-d193-4cc9-b351-99906754a03b","8326529","5174266",NA,"Eschatocephalus ropsteini Oudemans, 1925","Oudemans, 1925","Eschatocephalus ropsteini","Eschatocephalus","ropsteini",NA,"species",NA,NA,NA,NA,"Animalia","Arthropoda","Arachnida","Ixodida","Ixodidae","Ixodes"
"BOTH",7880688,"7ddf754f-d193-4cc9-b351-99906754a03b","8326529","2182693",NA,"Ixodes plumbeus Leach, 1815","Leach, 1815","Ixodes plumbeus","Ixodes","plumbeus",NA,"species",NA,NA,NA,NA,"Animalia","Arthropoda","Arachnida","Ixodida","Ixodidae","Ixodes"
"BOTH",7834793,"7ddf754f-d193-4cc9-b351-99906754a03b","8326529","5174400",NA,"Ixodes rothschildi Zumpt, 1952","Zumpt, 1952","Ixodes rothschildi","Ixodes","rothschildi",NA,"species",NA,NA,NA,NA,"Animalia","Arthropoda","Arachnida","Ixodida","Ixodidae","Ixodes"
"BOTH",5174113,"7ddf754f-d193-4cc9-b351-99906754a03b","8326529","5174111",NA,"Ixodes ricinoides Nuttall, 1913","Nuttall, 1913","Ixodes ricinoides","Ixodes","ricinoides",NA,"species",NA,NA,NA,NA,"Animalia","Arthropoda","Arachnida","Ixodida","Ixodidae","Ixodes"
"BOTH",10182910,"de8934f4-a136-481c-a87a-b0b202b80a31","2187963","2187977",NA,"Neoseiulus soleiger Schuster & Pritchard, 1963","Schuster & Pritchard, 1963","Neoseiulus soleiger","Neoseiulus","soleiger",NA,"species",NA,NA,NA,NA,"Animalia","Arthropoda","Arachnida","Mesostigmata","Phytoseiidae","Paraseiulus"
"BOTH",9906773,"7ddf754f-d193-4cc9-b351-99906754a03b","2183844","2183841",NA,"Rhipicephalus simus simus","Rousselot, 1953","Rhipicephalus simus simus","Rhipicephalus","simus","simus","subspecies",NA,NA,NA,NA,"Animalia","Arthropoda","Arachnida","Ixodida","Ixodidae","Rhipicephalus"
"BOTH",8052966,"7ddf754f-d193-4cc9-b351-99906754a03b","2183844","2183820",NA,"Rhipicephalus tricuspis Yeoman & Walker, 1967","Yeoman & Walker, 1967","Rhipicephalus tricuspis","Rhipicephalus","tricuspis",NA,"species",NA,NA,NA,NA,"Animalia","Arthropoda","Arachnida","Ixodida","Ixodidae","Rhipicephalus"
"BOTH",7453725,"7ddf754f-d193-4cc9-b351-99906754a03b","2183844","2183820",NA,"Rhipicephalus tricuspis Matthysse & Colbo, 1987","Matthysse & Colbo, 1987","Rhipicephalus tricuspis","Rhipicephalus","tricuspis",NA,"species",NA,NA,NA,NA,"Animalia","Arthropoda","Arachnida","Ixodida","Ixodidae","Rhipicephalus"
"BOTH",8083732,"7ddf754f-d193-4cc9-b351-99906754a03b","2184370","2183411",NA,"Acarus ricinus Sulzer, 1776","Sulzer, 1776","Acarus ricinus","Acarus","ricinus",NA,"species",NA,NA,NA,NA,"Animalia","Arthropoda","Arachnida","Ixodida","Ixodidae","Dermacentor"
"BOTH",2183420,"7ddf754f-d193-4cc9-b351-99906754a03b","2184370","2183411",NA,"Crotonus variegatum Duméril, 1829","Duméril, 1829","Crotonus variegatum","Crotonus","variegatum",NA,"species",NA,NA,NA,NA,"Animalia","Arthropoda","Arachnida","Ixodida","Ixodidae","Dermacentor"
"BOTH",7851318,"7ddf754f-d193-4cc9-b351-99906754a03b","2184370","2183411",NA,"Dermacentor niveus Sénevet, 1937","Sénevet, 1937","Dermacentor niveus","Dermacentor","niveus",NA,"species",NA,NA,NA,NA,"Animalia","Arthropoda","Arachnida","Ixodida","Ixodidae","Dermacentor"
"BOTH",5174495,"7ddf754f-d193-4cc9-b351-99906754a03b","7967293","2184026",NA,"Ixodes rotundatum Neumann, 1892","Neumann, 1892","Ixodes rotundatum","Ixodes","rotundatum",NA,"species",NA,NA,NA,NA,"Animalia","Arthropoda","Arachnida","Ixodida","Ixodidae","Amblyomma"
"BOTH",7757336,"7ddf754f-d193-4cc9-b351-99906754a03b","8326529","2182902",NA,"Ixodes holocyclus Roberts, 1954","Roberts, 1954","Ixodes holocyclus","Ixodes","holocyclus",NA,"species",NA,NA,NA,NA,"Animalia","Arthropoda","Arachnida","Ixodida","Ixodidae","Ixodes"
"BOTH",2183084,"7ddf754f-d193-4cc9-b351-99906754a03b","2184365","2183078",NA,"Haemaphysalis cinnaberina Koch, 1847","Koch, 1847","Haemaphysalis cinnaberina","Haemaphysalis","cinnaberina",NA,"species",NA,NA,NA,NA,"Animalia","Arthropoda","Arachnida","Ixodida","Ixodidae","Haemaphysalis"
"BOTH",2182621,"7ddf754f-d193-4cc9-b351-99906754a03b","8326529","2182588",NA,"Boophilus ricinus Idoyaga, 1928","Idoyaga, 1928","Boophilus ricinus","Boophilus","ricinus",NA,"species",NA,NA,NA,NA,"Animalia","Arthropoda","Arachnida","Ixodida","Ixodidae","Ixodes"
"BOTH",8087715,"7ddf754f-d193-4cc9-b351-99906754a03b","2184365","2183269",NA,"Haemaphysalis humerosa Roberts, 1935","Roberts, 1935","Haemaphysalis humerosa","Haemaphysalis","humerosa",NA,"species",NA,NA,NA,NA,"Animalia","Arthropoda","Arachnida","Ixodida","Ixodidae","Haemaphysalis"
"BOTH",8323838,"7ddf754f-d193-4cc9-b351-99906754a03b","8326529","5174138",NA,"Ixodes crenulatus Pomerantsev, 1950","Pomerantsev, 1950","Ixodes crenulatus","Ixodes","crenulatus",NA,"species",NA,NA,NA,NA,"Animalia","Arthropoda","Arachnida","Ixodida","Ixodidae","Ixodes"
"BOTH",2183091,"7ddf754f-d193-4cc9-b351-99906754a03b","2184365","2183078",NA,"Haemaphysalis perigrinus Neumann, 1897","Neumann, 1897","Haemaphysalis perigrinus","Haemaphysalis","perigrinus",NA,"species",NA,NA,NA,NA,"Animalia","Arthropoda","Arachnida","Ixodida","Ixodidae","Haemaphysalis"
"BOTH",2182629,"7ddf754f-d193-4cc9-b351-99906754a03b","8326529","2182588",NA,"Rhipicephalus ricinus Marchoux & Couvy, 1912","Marchoux & Couvy, 1912","Rhipicephalus ricinus","Rhipicephalus","ricinus",NA,"species",NA,NA,NA,NA,"Animalia","Arthropoda","Arachnida","Ixodida","Ixodidae","Ixodes"
"BOTH",2183100,"7ddf754f-d193-4cc9-b351-99906754a03b","2184365","2183099",NA,"Rhipicephalus hylobatis Schulze, 1936","Schulze, 1936","Rhipicephalus hylobatis","Rhipicephalus","hylobatis",NA,"species",NA,NA,NA,NA,"Animalia","Arthropoda","Arachnida","Ixodida","Ixodidae","Haemaphysalis"
"BOTH",2182599,"7ddf754f-d193-4cc9-b351-99906754a03b","8326529","2182588",NA,"Ixodes marginatus Burmeister, 1837","Burmeister, 1837","Ixodes marginatus","Ixodes","marginatus",NA,"species",NA,NA,NA,NA,"Animalia","Arthropoda","Arachnida","Ixodida","Ixodidae","Ixodes"
"BOTH",2182609,"7ddf754f-d193-4cc9-b351-99906754a03b","8326529","2182588",NA,"Ixodes obscurus Neumann, 1899","Neumann, 1899","Ixodes obscurus","Ixodes","obscurus",NA,"species",NA,NA,NA,NA,"Animalia","Arthropoda","Arachnida","Ixodida","Ixodidae","Ixodes"
"BOTH",2182641,"7ddf754f-d193-4cc9-b351-99906754a03b","8326529","2182588",NA,"Dermacentor ricinus Winer & Strakosch, 1941","Winer & Strakosch, 1941","Dermacentor ricinus","Dermacentor","ricinus",NA,"species",NA,NA,NA,NA,"Animalia","Arthropoda","Arachnida","Ixodida","Ixodidae","Ixodes"
"BOTH",2183093,"7ddf754f-d193-4cc9-b351-99906754a03b","2184365","2183078",NA,"Hyalomma punctata Alessandrini, 1917","Alessandrini, 1917","Hyalomma punctata","Hyalomma","punctata",NA,"species",NA,NA,NA,NA,"Animalia","Arthropoda","Arachnida","Ixodida","Ixodidae","Haemaphysalis"
"BOTH",8099627,"7ddf754f-d193-4cc9-b351-99906754a03b","2183844","2183630",NA,"Rhipicephalus tricuspis Keirans, 1985","Keirans, 1985","Rhipicephalus tricuspis","Rhipicephalus","tricuspis",NA,"species",NA,NA,NA,NA,"Animalia","Arthropoda","Arachnida","Ixodida","Ixodidae","Rhipicephalus"
"BOTH",2183567,"7ddf754f-d193-4cc9-b351-99906754a03b","2183844","2183564",NA,"Rhipicephalus turamicus Uzakov, 1964","Uzakov, 1964","Rhipicephalus turamicus","Rhipicephalus","turamicus",NA,"species",NA,NA,NA,NA,"Animalia","Arthropoda","Arachnida","Ixodida","Ixodidae","Rhipicephalus"
"BOTH",6184441,"7ddf754f-d193-4cc9-b351-99906754a03b","2183844","2183630",NA,"Rhipicephalus simus tricuspis Stella, 1940","Stella, 1940","Rhipicephalus simus tricuspis","Rhipicephalus","simus","tricuspis","subspecies",NA,NA,NA,NA,"Animalia","Arthropoda","Arachnida","Ixodida","Ixodidae","Rhipicephalus"
"BOTH",7835563,"7ddf754f-d193-4cc9-b351-99906754a03b","2183844","2183630",NA,"Rhipicephalus tricuspis Wilson, 1946","Wilson, 1946","Rhipicephalus tricuspis","Rhipicephalus","tricuspis",NA,"species",NA,NA,NA,NA,"Animalia","Arthropoda","Arachnida","Ixodida","Ixodidae","Rhipicephalus"
"BOTH",2183720,"7ddf754f-d193-4cc9-b351-99906754a03b","2183844","2183719",NA,"Rhipicephalus janneli Pomerantsev, 1936","Pomerantsev, 1936","Rhipicephalus janneli","Rhipicephalus","janneli",NA,"species",NA,NA,NA,NA,"Animalia","Arthropoda","Arachnida","Ixodida","Ixodidae","Rhipicephalus"
"BOTH",8430429,"7ddf754f-d193-4cc9-b351-99906754a03b","2183844","2183564",NA,"Rhipicephalus sulcatus Morel & Vassiliades, 1963","Morel & Vassiliades, 1963","Rhipicephalus sulcatus","Rhipicephalus","sulcatus",NA,"species",NA,NA,NA,NA,"Animalia","Arthropoda","Arachnida","Ixodida","Ixodidae","Rhipicephalus"
"BOTH",8367364,"7ddf754f-d193-4cc9-b351-99906754a03b","2183844","2183719",NA,"Rhipicephalus kochi Zumpt, 1950","Zumpt, 1950","Rhipicephalus kochi","Rhipicephalus","kochi",NA,"species",NA,NA,NA,NA,"Animalia","Arthropoda","Arachnida","Ixodida","Ixodidae","Rhipicephalus"
"BOTH",5174546,"7ddf754f-d193-4cc9-b351-99906754a03b","7967293","2184301",NA,"Ixodes unipuncta Lewis, 1899","Lewis, 1899","Ixodes unipuncta","Ixodes","unipuncta",NA,"species",NA,NA,NA,NA,"Animalia","Arthropoda","Arachnida","Ixodida","Ixodidae","Amblyomma"
"BOTH",6184519,"7ddf754f-d193-4cc9-b351-99906754a03b","7967293","2183968",NA,"Aponomma larve capensis Bedford, 1936","Bedford, 1936","Aponomma larve capensis","Aponomma","larve","capensis","subspecies",NA,NA,NA,NA,"Animalia","Arthropoda","Arachnida","Ixodida","Ixodidae","Amblyomma"
"BOTH",7529040,"7ddf754f-d193-4cc9-b351-99906754a03b","7967293","2184359",NA,"Amblyomma paulopunctatum Rageau, 1951","Rageau, 1951","Amblyomma paulopunctatum","Amblyomma","paulopunctatum",NA,"species",NA,NA,NA,NA,"Animalia","Arthropoda","Arachnida","Ixodida","Ixodidae","Amblyomma"
"BOTH",2184763,"7ddf754f-d193-4cc9-b351-99906754a03b","2184972","2184757",NA,"Argas tolosani Mégnin, 1885","Mégnin, 1885","Argas tolosani","Argas","tolosani",NA,"species",NA,NA,NA,NA,"Animalia","Arthropoda","Arachnida","Ixodida","Argasidae","Ornithodoros"
"BOTH",2184769,"7ddf754f-d193-4cc9-b351-99906754a03b","2184972","2184757",NA,"Ornithodoros grossi Brumpt, 1922","Brumpt, 1922","Ornithodoros grossi","Ornithodoros","grossi",NA,"species",NA,NA,NA,NA,"Animalia","Arthropoda","Arachnida","Ixodida","Argasidae","Ornithodoros"
"BOTH",8380656,"7ddf754f-d193-4cc9-b351-99906754a03b","8326529","5174314",NA,"Ixodes arboricola Emel'yanova, 1972","Emel'yanova, 1972","Ixodes arboricola","Ixodes","arboricola",NA,"species",NA,NA,NA,NA,"Animalia","Arthropoda","Arachnida","Ixodida","Ixodidae","Ixodes"
"BOTH",7423870,"7ddf754f-d193-4cc9-b351-99906754a03b","8326529","5174003",NA,"Ixodes victoriensis Hirst, 1930","Hirst, 1930","Ixodes victoriensis","Ixodes","victoriensis",NA,"species",NA,NA,NA,NA,"Animalia","Arthropoda","Arachnida","Ixodida","Ixodidae","Ixodes"
"BOTH",2182874,"7ddf754f-d193-4cc9-b351-99906754a03b","8326529","2182873",NA,"Ceratoxidus uriae André, 1947","André, 1947","Ceratoxidus uriae","Ceratoxidus","uriae",NA,"species",NA,NA,NA,NA,"Animalia","Arthropoda","Arachnida","Ixodida","Ixodidae","Ixodes"
"BOTH",10066604,"de8934f4-a136-481c-a87a-b0b202b80a31","2192163","2192180",NA,"Notaspis bicarinata",NA,"Notaspis bicarinata","Notaspis","bicarinata",NA,"species",NA,NA,NA,NA,"Animalia","Arthropoda","Arachnida","Sarcoptiformes","Crotoniidae","Camisia"
"BOTH",8060036,"7ddf754f-d193-4cc9-b351-99906754a03b","7967293","2183998",NA,"Aponomma exornatum Rageau, 1953","Rageau, 1953","Aponomma exornatum","Aponomma","exornatum",NA,"species",NA,NA,NA,NA,"Animalia","Arthropoda","Arachnida","Ixodida","Ixodidae","Amblyomma"
"BOTH",5174480,"7ddf754f-d193-4cc9-b351-99906754a03b","7967293","2183998",NA,"Aponomma exornatum Bequaert, 1931","Bequaert, 1931","Aponomma exornatum","Aponomma","exornatum",NA,"species",NA,NA,NA,NA,"Animalia","Arthropoda","Arachnida","Ixodida","Ixodidae","Amblyomma"
"BOTH",2184221,"7ddf754f-d193-4cc9-b351-99906754a03b","7967293","2184219",NA,"Amblyomma minutum Aragão, 1909","Aragão, 1909","Amblyomma minutum","Amblyomma","minutum",NA,"species",NA,NA,NA,NA,"Animalia","Arthropoda","Arachnida","Ixodida","Ixodidae","Amblyomma"
"BOTH",5174485,"7ddf754f-d193-4cc9-b351-99906754a03b","7967293","2183998",NA,"Ixodes varani Lewis, 1892","Lewis, 1892","Ixodes varani","Ixodes","varani",NA,"species",NA,NA,NA,NA,"Animalia","Arthropoda","Arachnida","Ixodida","Ixodidae","Amblyomma"
"BOTH",10102091,"de8934f4-a136-481c-a87a-b0b202b80a31","2192417","2192456",NA,"Camisia biciliata",NA,"Camisia biciliata","Camisia","biciliata",NA,"species",NA,NA,NA,NA,"Animalia","Arthropoda","Arachnida","Sarcoptiformes","Nothridae","Nothrus"
"BOTH",5174001,"7ddf754f-d193-4cc9-b351-99906754a03b","8326529","7833035",NA,"Ixodes elegans Neumann, 1910","Neumann, 1910","Ixodes elegans","Ixodes","elegans",NA,"species",NA,NA,NA,NA,"Animalia","Arthropoda","Arachnida","Ixodida","Ixodidae","Ixodes"
"BOTH",7808284,"7ddf754f-d193-4cc9-b351-99906754a03b","2184365","2183073",NA,"Haemaphysalis hirudo Neumann, 1897","Neumann, 1897","Haemaphysalis hirudo","Haemaphysalis","hirudo",NA,"species",NA,NA,NA,NA,"Animalia","Arthropoda","Arachnida","Ixodida","Ixodidae","Haemaphysalis"
"BOTH",2183571,"7ddf754f-d193-4cc9-b351-99906754a03b","2183844","2183570",NA,"Boophilus decoloratus Lamontellerie, 1960","Lamontellerie, 1960","Boophilus decoloratus","Boophilus","decoloratus",NA,"species",NA,NA,NA,NA,"Animalia","Arthropoda","Arachnida","Ixodida","Ixodidae","Rhipicephalus"
"BOTH",8116150,"7ddf754f-d193-4cc9-b351-99906754a03b","2183844","2183570",NA,"Boophilus decoloratus Morel, 1958","Morel, 1958","Boophilus decoloratus","Boophilus","decoloratus",NA,"species",NA,NA,NA,NA,"Animalia","Arthropoda","Arachnida","Ixodida","Ixodidae","Rhipicephalus"
"BOTH",4550011,"de8934f4-a136-481c-a87a-b0b202b80a31","4406589","4550012",NA,"Poecilochirus necrophori",NA,"Poecilochirus necrophori","Poecilochirus","necrophori",NA,"species",NA,NA,NA,NA,"Animalia","Arthropoda","Arachnida","Mesostigmata","Parasitidae","Poecilochirus"
"BOTH",2184107,"7ddf754f-d193-4cc9-b351-99906754a03b","7967293","2184104",NA,"Amblyomma poematium Santos Dias, 1954","Santos Dias, 1954","Amblyomma poematium","Amblyomma","poematium",NA,"species",NA,NA,NA,NA,"Animalia","Arthropoda","Arachnida","Ixodida","Ixodidae","Amblyomma"
"BOTH",7608478,"7ddf754f-d193-4cc9-b351-99906754a03b","7967293","2184104",NA,"Amblyomma marmoreum Paoli, 1916","Paoli, 1916","Amblyomma marmoreum","Amblyomma","marmoreum",NA,"species",NA,NA,NA,NA,"Animalia","Arthropoda","Arachnida","Ixodida","Ixodidae","Amblyomma"
"BOTH",8417580,"7ddf754f-d193-4cc9-b351-99906754a03b","7967293","2184209",NA,"Amblyomma cohaerens Rousselot, 1951","Rousselot, 1951","Amblyomma cohaerens","Amblyomma","cohaerens",NA,"species",NA,NA,NA,NA,"Animalia","Arthropoda","Arachnida","Ixodida","Ixodidae","Amblyomma"
"BOTH",8396977,"7ddf754f-d193-4cc9-b351-99906754a03b","7967293","2184104",NA,"Amblyomma marmoreum Dönitz, 1910","Dönitz, 1910","Amblyomma marmoreum","Amblyomma","marmoreum",NA,"species",NA,NA,NA,NA,"Animalia","Arthropoda","Arachnida","Ixodida","Ixodidae","Amblyomma"
"BOTH",8013257,"7ddf754f-d193-4cc9-b351-99906754a03b","7967293","2184104",NA,"Amblyomma marmoreum Neumann, 1906","Neumann, 1906","Amblyomma marmoreum","Amblyomma","marmoreum",NA,"species",NA,NA,NA,NA,"Animalia","Arthropoda","Arachnida","Ixodida","Ixodidae","Amblyomma"
"BOTH",7874673,"7ddf754f-d193-4cc9-b351-99906754a03b","7967293","2184104",NA,"Amblyomma crenatum Van Saceghem, 1957","Van Saceghem, 1957","Amblyomma crenatum","Amblyomma","crenatum",NA,"species",NA,NA,NA,NA,"Animalia","Arthropoda","Arachnida","Ixodida","Ixodidae","Amblyomma"
"BOTH",7995913,"7ddf754f-d193-4cc9-b351-99906754a03b","7967293","2184104",NA,"Amblyomma hebraeum Neumann, 1957","Neumann, 1957","Amblyomma hebraeum","Amblyomma","hebraeum",NA,"species",NA,NA,NA,NA,"Animalia","Arthropoda","Arachnida","Ixodida","Ixodidae","Amblyomma"
"BOTH",7978251,"7ddf754f-d193-4cc9-b351-99906754a03b","7967293","2184273",NA,"Amblyomma cyprium Toumanoff, 1944","Toumanoff, 1944","Amblyomma cyprium","Amblyomma","cyprium",NA,"species",NA,NA,NA,NA,"Animalia","Arthropoda","Arachnida","Ixodida","Ixodidae","Amblyomma"
"BOTH",8141672,"7ddf754f-d193-4cc9-b351-99906754a03b","2184365","2183133",NA,"Haemaphysalis kochi Aragão, 1908","Aragão, 1908","Haemaphysalis kochi","Haemaphysalis","kochi",NA,"species",NA,NA,NA,NA,"Animalia","Arthropoda","Arachnida","Ixodida","Ixodidae","Haemaphysalis"
"BOTH",7744790,"7ddf754f-d193-4cc9-b351-99906754a03b","8326529","5174144",NA,"Ixodes banksi Cooley & Kohls, 1945","Cooley & Kohls, 1945","Ixodes banksi","Ixodes","banksi",NA,"species",NA,NA,NA,NA,"Animalia","Arthropoda","Arachnida","Ixodida","Ixodidae","Ixodes"
"BOTH",2183819,"7ddf754f-d193-4cc9-b351-99906754a03b","2183844","2183608",NA,"Hoemaphysalis simus Bück, 1948","Bück, 1948","Hoemaphysalis simus","Hoemaphysalis","simus",NA,"species",NA,NA,NA,NA,"Animalia","Arthropoda","Arachnida","Ixodida","Ixodidae","Rhipicephalus"
"BOTH",2182911,"7ddf754f-d193-4cc9-b351-99906754a03b","2183844","2183597",NA,"Ixodes plumbeus Dugès, 1834","Dugès, 1834","Ixodes plumbeus","Ixodes","plumbeus",NA,"species",NA,NA,NA,NA,"Animalia","Arthropoda","Arachnida","Ixodida","Ixodidae","Rhipicephalus"
"BOTH",2183740,"7ddf754f-d193-4cc9-b351-99906754a03b","2183844","2183597",NA,"Rhipicephalus linnei Koch, 1844","Koch, 1844","Rhipicephalus linnei","Rhipicephalus","linnei",NA,"species",NA,NA,NA,NA,"Animalia","Arthropoda","Arachnida","Ixodida","Ixodidae","Rhipicephalus"
"BOTH",7567948,"7ddf754f-d193-4cc9-b351-99906754a03b","2183512","2182959",NA,"Hyalomma savignyi Delpy, 1946","Delpy, 1946","Hyalomma savignyi","Hyalomma","savignyi",NA,"species",NA,NA,NA,NA,"Animalia","Arthropoda","Arachnida","Ixodida","Ixodidae","Hyalomma"
"BOTH",5174454,"7ddf754f-d193-4cc9-b351-99906754a03b","2183877","2183880",NA,"Ixodes phascolomyis Macalister, 1871","Macalister, 1871","Ixodes phascolomyis","Ixodes","phascolomyis",NA,"species",NA,NA,NA,NA,"Animalia","Arthropoda","Arachnida","Ixodida","Ixodidae","Bothriocroton"
"BOTH",7479583,"7ddf754f-d193-4cc9-b351-99906754a03b","2184370","2183465",NA,"Ixodes bovis Lintner, 1874","Lintner, 1874","Ixodes bovis","Ixodes","bovis",NA,"species",NA,NA,NA,NA,"Animalia","Arthropoda","Arachnida","Ixodida","Ixodidae","Dermacentor"
"BOTH",2183371,"7ddf754f-d193-4cc9-b351-99906754a03b","2184370","2183465",NA,"Dermacentor venustus McLeod, 1933","McLeod, 1933","Dermacentor venustus","Dermacentor","venustus",NA,"species",NA,NA,NA,NA,"Animalia","Arthropoda","Arachnida","Ixodida","Ixodidae","Dermacentor"
"BOTH",8709327,"7ddf754f-d193-4cc9-b351-99906754a03b","2184370","2183394",NA,"Ixodes brunneus Neumann, 1901","Neumann, 1901","Ixodes brunneus","Ixodes","brunneus",NA,"species",NA,NA,NA,NA,"Animalia","Arthropoda","Arachnida","Ixodida","Ixodidae","Dermacentor"
"BOTH",2184511,"7ddf754f-d193-4cc9-b351-99906754a03b","2184412","2184504",NA,"Argas marocanus Oswald, 1937","Oswald, 1937","Argas marocanus","Argas","marocanus",NA,"species",NA,NA,NA,NA,"Animalia","Arthropoda","Arachnida","Ixodida","Argasidae","Carios"
"BOTH",7736779,"7ddf754f-d193-4cc9-b351-99906754a03b","7967293","2184206",NA,"Aponomma undatum Schulze, 1933","Schulze, 1933","Aponomma undatum","Aponomma","undatum",NA,"species",NA,NA,NA,NA,"Animalia","Arthropoda","Arachnida","Ixodida","Ixodidae","Amblyomma"
"BOTH",8154004,"7ddf754f-d193-4cc9-b351-99906754a03b","7967293","2184338",NA,"Amblyomma clypeolatum Stella, 1935","Stella, 1935","Amblyomma clypeolatum","Amblyomma","clypeolatum",NA,"species",NA,NA,NA,NA,"Animalia","Arthropoda","Arachnida","Ixodida","Ixodidae","Amblyomma"
"BOTH",5174579,"7ddf754f-d193-4cc9-b351-99906754a03b","2184982","2184876",NA,"Argus reflexus Fullager, 1874","Fullager, 1874","Argus reflexus","Argus","reflexus",NA,"species",NA,NA,NA,NA,"Animalia","Arthropoda","Arachnida","Ixodida","Argasidae","Argas"
"BOTH",2184789,"7ddf754f-d193-4cc9-b351-99906754a03b","2184972","2184785",NA,"Ornithodoros jubata Hertwig, 1922","Hertwig, 1922","Ornithodoros jubata","Ornithodoros","jubata",NA,"species",NA,NA,NA,NA,"Animalia","Arthropoda","Arachnida","Ixodida","Argasidae","Ornithodoros"
"BOTH",2184806,"7ddf754f-d193-4cc9-b351-99906754a03b","2184972","2184802",NA,"Ornithodoros tourichalos Forsbach, 1923","Forsbach, 1923","Ornithodoros tourichalos","Ornithodoros","tourichalos",NA,"species",NA,NA,NA,NA,"Animalia","Arthropoda","Arachnida","Ixodida","Argasidae","Ornithodoros"
"BOTH",2184878,"7ddf754f-d193-4cc9-b351-99906754a03b","2184982","2184876",NA,"Argas reflescus Tonelli-Rondelli, 1930","Tonelli-Rondelli, 1930","Argas reflescus","Argas","reflescus",NA,"species",NA,NA,NA,NA,"Animalia","Arthropoda","Arachnida","Ixodida","Argasidae","Argas"
"BOTH",5174575,"7ddf754f-d193-4cc9-b351-99906754a03b","2184972","2184785",NA,"Ixodes monbata Cobbold, 1879","Cobbold, 1879","Ixodes monbata","Ixodes","monbata",NA,"species",NA,NA,NA,NA,"Animalia","Arthropoda","Arachnida","Ixodida","Argasidae","Ornithodoros"
"BOTH",7893375,"7ddf754f-d193-4cc9-b351-99906754a03b","2184365","2183185",NA,"Haemaphysalis leachi Toumanoff, 1944","Toumanoff, 1944","Haemaphysalis leachi","Haemaphysalis","leachi",NA,"species",NA,NA,NA,NA,"Animalia","Arthropoda","Arachnida","Ixodida","Ixodidae","Haemaphysalis"
"BOTH",2183060,"7ddf754f-d193-4cc9-b351-99906754a03b","2184365","2183203",NA,"Haemaphysalis leachii Arthur, 1975","Arthur, 1975","Haemaphysalis leachii","Haemaphysalis","leachii",NA,"species",NA,NA,NA,NA,"Animalia","Arthropoda","Arachnida","Ixodida","Ixodidae","Haemaphysalis"
"BOTH",2183058,"7ddf754f-d193-4cc9-b351-99906754a03b","2184365","2183055",NA,"Rhipicephalus leachi Schwetz, 1927","Schwetz, 1927","Rhipicephalus leachi","Rhipicephalus","leachi",NA,"species",NA,NA,NA,NA,"Animalia","Arthropoda","Arachnida","Ixodida","Ixodidae","Haemaphysalis"
"BOTH",2183006,"7ddf754f-d193-4cc9-b351-99906754a03b","2183512","2183002",NA,"Hyalomma detritum Rageau, 1951","Rageau, 1951","Hyalomma detritum","Hyalomma","detritum",NA,"species",NA,NA,NA,NA,"Animalia","Arthropoda","Arachnida","Ixodida","Ixodidae","Hyalomma"
"BOTH",2182960,"7ddf754f-d193-4cc9-b351-99906754a03b","2183512","2183002",NA,"Hyalomma savignyi Tendeiro, 1948","Tendeiro, 1948","Hyalomma savignyi","Hyalomma","savignyi",NA,"species",NA,NA,NA,NA,"Animalia","Arthropoda","Arachnida","Ixodida","Ixodidae","Hyalomma"
"BOTH",7965063,"7ddf754f-d193-4cc9-b351-99906754a03b","2183844","2183577",NA,"Ixodes scapularis Mégnin, 1880","Mégnin, 1880","Ixodes scapularis","Ixodes","scapularis",NA,"species",NA,NA,NA,NA,"Animalia","Arthropoda","Arachnida","Ixodida","Ixodidae","Rhipicephalus"
"BOTH",2183583,"7ddf754f-d193-4cc9-b351-99906754a03b","2183844","2183577",NA,"Rhipicephalus rufus Salmon & Stiles, 1901","Salmon & Stiles, 1901","Rhipicephalus rufus","Rhipicephalus","rufus",NA,"species",NA,NA,NA,NA,"Animalia","Arthropoda","Arachnida","Ixodida","Ixodidae","Rhipicephalus"
"BOTH",2183579,"7ddf754f-d193-4cc9-b351-99906754a03b","2183844","2183577",NA,"Phaulixodes rufus Canestrini, 1890","Canestrini, 1890","Phaulixodes rufus","Phaulixodes","rufus",NA,"species",NA,NA,NA,NA,"Animalia","Arthropoda","Arachnida","Ixodida","Ixodidae","Rhipicephalus"
"BOTH",2183580,"7ddf754f-d193-4cc9-b351-99906754a03b","2183844","2183577",NA,"Phauloixodes rufus Berlese, 1889","Berlese, 1889","Phauloixodes rufus","Phauloixodes","rufus",NA,"species",NA,NA,NA,NA,"Animalia","Arthropoda","Arachnida","Ixodida","Ixodidae","Rhipicephalus"
"BOTH",9822090,"7ddf754f-d193-4cc9-b351-99906754a03b","2183877","2183892",NA,"Aponomma hydrosauri Neumann, 1906","Neumann, 1906","Aponomma hydrosauri","Aponomma","hydrosauri",NA,"species",NA,NA,NA,NA,"Animalia","Arthropoda","Arachnida","Ixodida","Ixodidae","Bothriocroton"
"BOTH",2184153,"7ddf754f-d193-4cc9-b351-99906754a03b","7967293","2184111",NA,"Amblyomma haebreum Tonelli-Rondelli, 1926","Tonelli-Rondelli, 1926","Amblyomma haebreum","Amblyomma","haebreum",NA,"species",NA,NA,NA,NA,"Animalia","Arthropoda","Arachnida","Ixodida","Ixodidae","Amblyomma"
"BOTH",2184799,"7ddf754f-d193-4cc9-b351-99906754a03b","2184972","2184798",NA,"Argas gurneyi-warburtoni Henry, 1938","Henry, 1938","Argas gurneyi-warburtoni","Argas","gurneyi-warburtoni",NA,"species",NA,NA,NA,NA,"Animalia","Arthropoda","Arachnida","Ixodida","Argasidae","Ornithodoros"
"BOTH",8430437,"7ddf754f-d193-4cc9-b351-99906754a03b","2184365","2183202",NA,"Haemaphysalis leachi Rageau, 1954","Rageau, 1954","Haemaphysalis leachi","Haemaphysalis","leachi",NA,"species",NA,NA,NA,NA,"Animalia","Arthropoda","Arachnida","Ixodida","Ixodidae","Haemaphysalis"
"BOTH",8327383,"7ddf754f-d193-4cc9-b351-99906754a03b","8326529","5174360",NA,"Ixodes percavatus André, 1947","André, 1947","Ixodes percavatus","Ixodes","percavatus",NA,"species",NA,NA,NA,NA,"Animalia","Arthropoda","Arachnida","Ixodida","Ixodidae","Ixodes"
"BOTH",9455401,"4dd32523-a3a3-43b7-84df-4cda02f15cf7","4406479","9503315","9429021","Pteronyssus subtruncatus (Trouessart, 1885)","(Trouessart, 1885)","Pteronyssus subtruncatus","Pteronyssus","subtruncatus",NA,"species",NA,NA,NA,NA,"Animalia","Arthropoda","Arachnida","Sarcoptiformes","Pteronyssidae","Sturnotrogus"
"BOTH",2183451,"7ddf754f-d193-4cc9-b351-99906754a03b","2184370","2183484",NA,"Dermacentor nigrolineatus Bequaert, 1938","Bequaert, 1938","Dermacentor nigrolineatus","Dermacentor","nigrolineatus",NA,"species",NA,NA,NA,NA,"Animalia","Arthropoda","Arachnida","Ixodida","Ixodidae","Dermacentor"
"BOTH",6184533,"7ddf754f-d193-4cc9-b351-99906754a03b","7967293","2184082",NA,"Amblyomma haebreum eburneum Tonelli-Rondelli, 1926","Tonelli-Rondelli, 1926","Amblyomma haebreum eburneum","Amblyomma","haebreum","eburneum","subspecies",NA,NA,NA,NA,"Animalia","Arthropoda","Arachnida","Ixodida","Ixodidae","Amblyomma"
"BOTH",7383911,"7ddf754f-d193-4cc9-b351-99906754a03b","7967293","2184248",NA,"Ixodes testudinis Supino, 1897","Supino, 1897","Ixodes testudinis","Ixodes","testudinis",NA,"species",NA,NA,NA,NA,"Animalia","Arthropoda","Arachnida","Ixodida","Ixodidae","Amblyomma"
"BOTH",2184249,"7ddf754f-d193-4cc9-b351-99906754a03b","7967293","2184248",NA,"Amblyomma testudinis Neumann, 1902","Neumann, 1902","Amblyomma testudinis","Amblyomma","testudinis",NA,"species",NA,NA,NA,NA,"Animalia","Arthropoda","Arachnida","Ixodida","Ixodidae","Amblyomma"
"BOTH",8263958,"7ddf754f-d193-4cc9-b351-99906754a03b","7967293","2183949",NA,"Ixodes variegatus Lucas, 1852","Lucas, 1852","Ixodes variegatus","Ixodes","variegatus",NA,"species",NA,NA,NA,NA,"Animalia","Arthropoda","Arachnida","Ixodida","Ixodidae","Amblyomma"
"BOTH",4548427,"4dd32523-a3a3-43b7-84df-4cda02f15cf7","2186377","2186379",NA,"Typhlodromus alpinus Schweizer, 1922","Schweizer, 1922","Typhlodromus alpinus","Typhlodromus","alpinus",NA,"species",NA,NA,NA,"Originally found in sources as homotypic synonym of Neoseiulus alpinus (Schweizer, 1922)","Animalia","Arthropoda","Arachnida","Mesostigmata","Phytoseiidae","Proprioseiopsis"
"BOTH",8197493,"7ddf754f-d193-4cc9-b351-99906754a03b","8326529","5174219",NA,"Ixodes ricinus Boero, 1943","Boero, 1943","Ixodes ricinus","Ixodes","ricinus",NA,"species",NA,NA,NA,NA,"Animalia","Arthropoda","Arachnida","Ixodida","Ixodidae","Ixodes"
"BOTH",4548779,"4dd32523-a3a3-43b7-84df-4cda02f15cf7","7659879","4548778",NA,"Liponyssus pipistrelli Oudemans, 1903","Oudemans, 1903","Liponyssus pipistrelli","Liponyssus","pipistrelli",NA,"species",NA,NA,NA,NA,"Animalia","Arthropoda","Arachnida","Mesostigmata","Macronyssidae","Ornithonyssus"
"BOTH",10446018,"4dd32523-a3a3-43b7-84df-4cda02f15cf7","2188288","10597572",NA,"Hyletastes missouriensis Ewing, 1909","Ewing, 1909","Hyletastes missouriensis","Hyletastes","missouriensis",NA,"species",NA,NA,NA,NA,"Animalia","Arthropoda","Arachnida","Mesostigmata","Laelapidae","Gymnolaelaps"
"BOTH",2182940,"7ddf754f-d193-4cc9-b351-99906754a03b","2183512","2182939",NA,"Rhipicephalus rhipicephaloides Jacob, 1924","Jacob, 1924","Rhipicephalus rhipicephaloides","Rhipicephalus","rhipicephaloides",NA,"species",NA,NA,NA,NA,"Animalia","Arthropoda","Arachnida","Ixodida","Ixodidae","Hyalomma"
"BOTH",7874079,"7ddf754f-d193-4cc9-b351-99906754a03b","2183844","2183558",NA,"Rhipicephalus punctatus Bedford, 1929","Bedford, 1929","Rhipicephalus punctatus","Rhipicephalus","punctatus",NA,"species",NA,NA,NA,NA,"Animalia","Arthropoda","Arachnida","Ixodida","Ixodidae","Rhipicephalus"
"BOTH",4548393,"de8934f4-a136-481c-a87a-b0b202b80a31","2186377","2186379","4548427","Amblyseius alpinus (Schweizer, 1922)","(Schweizer, 1922)","Amblyseius alpinus","Amblyseius","alpinus",NA,"species",NA,NA,NA,NA,"Animalia","Arthropoda","Arachnida","Mesostigmata","Phytoseiidae","Proprioseiopsis"
"BOTH",7459566,"7ddf754f-d193-4cc9-b351-99906754a03b","2184982","2184949",NA,"Argas reflexus Rousselot, 1951","Rousselot, 1951","Argas reflexus","Argas","reflexus",NA,"species",NA,NA,NA,NA,"Animalia","Arthropoda","Arachnida","Ixodida","Argasidae","Argas"
"BOTH",10662834,"7ddf754f-d193-4cc9-b351-99906754a03b","2184982","2184962",NA,"Argas reflexus Teng, 1978","Teng, 1978","Argas reflexus","Argas","reflexus",NA,"species",NA,NA,NA,NA,"Animalia","Arthropoda","Arachnida","Ixodida","Argasidae","Argas"
"BOTH",2183222,"7ddf754f-d193-4cc9-b351-99906754a03b","2184365","2183221",NA,"Haemaphysalis arborensis Miranpuri, 1988","Miranpuri, 1988","Haemaphysalis arborensis","Haemaphysalis","arborensis",NA,"species",NA,NA,NA,NA,"Animalia","Arthropoda","Arachnida","Ixodida","Ixodidae","Haemaphysalis"
"BOTH",6897737,"de8934f4-a136-481c-a87a-b0b202b80a31","2188311","2188315",NA,"Brachychthonius brevis",NA,"Brachychthonius brevis","Brachychthonius","brevis",NA,"species",NA,NA,NA,NA,"Animalia","Arthropoda","Arachnida","Sarcoptiformes","Brachychthoniidae","Liochthonius"
"BOTH",8024211,"7ddf754f-d193-4cc9-b351-99906754a03b","2184370","2183349",NA,"Dermacentor rhinocerotis Gerstäcker, 1873","Gerstäcker, 1873","Dermacentor rhinocerotis","Dermacentor","rhinocerotis",NA,"species",NA,NA,NA,NA,"Animalia","Arthropoda","Arachnida","Ixodida","Ixodidae","Dermacentor"
"BOTH",6184526,"7ddf754f-d193-4cc9-b351-99906754a03b","7967293","2184241",NA,"Amblyomma haebreum lepidum Tonelli-Rondelli, 1926","Tonelli-Rondelli, 1926","Amblyomma haebreum lepidum","Amblyomma","haebreum","lepidum","subspecies",NA,NA,NA,NA,"Animalia","Arthropoda","Arachnida","Ixodida","Ixodidae","Amblyomma"
"BOTH",5174136,"7ddf754f-d193-4cc9-b351-99906754a03b","8326529","5174135",NA,"Ixodes lunulatus Nuttall, 1914","Nuttall, 1914","Ixodes lunulatus","Ixodes","lunulatus",NA,"species",NA,NA,NA,NA,"Animalia","Arthropoda","Arachnida","Ixodida","Ixodidae","Ixodes"
"BOTH",6184611,"7ddf754f-d193-4cc9-b351-99906754a03b","2184365","2183345",NA,"Haemaphysalis leachii leachii","Hoogstraal, 1958","Haemaphysalis leachii leachii","Haemaphysalis","leachii","leachii","subspecies",NA,NA,NA,NA,"Animalia","Arthropoda","Arachnida","Ixodida","Ixodidae","Haemaphysalis"
"BOTH",7551610,"7ddf754f-d193-4cc9-b351-99906754a03b","8326529","8059025",NA,"Ixodes brunneus Boero, 1945","Boero, 1945","Ixodes brunneus","Ixodes","brunneus",NA,"species",NA,NA,NA,NA,"Animalia","Arthropoda","Arachnida","Ixodida","Ixodidae","Ixodes"
"BOTH",2183589,"7ddf754f-d193-4cc9-b351-99906754a03b","2183844","2183731",NA,"Rhipicephalus neavei Santos Dias, 1956","Santos Dias, 1956","Rhipicephalus neavei","Rhipicephalus","neavei",NA,"species",NA,NA,NA,NA,"Animalia","Arthropoda","Arachnida","Ixodida","Ixodidae","Rhipicephalus"
"BOTH",8317074,"7ddf754f-d193-4cc9-b351-99906754a03b","2183844","2183629",NA,"Rhipicephalus lunulatus Santos Dias, 1955","Santos Dias, 1955","Rhipicephalus lunulatus","Rhipicephalus","lunulatus",NA,"species",NA,NA,NA,NA,"Animalia","Arthropoda","Arachnida","Ixodida","Ixodidae","Rhipicephalus"
"BOTH",5174528,"7ddf754f-d193-4cc9-b351-99906754a03b","7967293","2184244",NA,"Aponomma laeve Warburton, 1910","Warburton, 1910","Aponomma laeve","Aponomma","laeve",NA,"species",NA,NA,NA,NA,"Animalia","Arthropoda","Arachnida","Ixodida","Ixodidae","Amblyomma"
"BOTH",2184256,"7ddf754f-d193-4cc9-b351-99906754a03b","7967293","2184255",NA,"Amblyomma fuscula Jacob, 1924","Jacob, 1924","Amblyomma fuscula","Amblyomma","fuscula",NA,"species",NA,NA,NA,NA,"Animalia","Arthropoda","Arachnida","Ixodida","Ixodidae","Amblyomma"
"BOTH",8158208,"7ddf754f-d193-4cc9-b351-99906754a03b","7967293","2183952",NA,"Amblyomma exophtalmum Mendez Arocha & Ortiz, 1958","Mendez Arocha & Ortiz, 1958","Amblyomma exophtalmum","Amblyomma","exophtalmum",NA,"species",NA,NA,NA,NA,"Animalia","Arthropoda","Arachnida","Ixodida","Ixodidae","Amblyomma"
"BOTH",7410391,"7ddf754f-d193-4cc9-b351-99906754a03b","2184365","2183164",NA,"Haemaphysalis papuana Anastos, 1950","Anastos, 1950","Haemaphysalis papuana","Haemaphysalis","papuana",NA,"species",NA,NA,NA,NA,"Animalia","Arthropoda","Arachnida","Ixodida","Ixodidae","Haemaphysalis"
"BOTH",7919306,"7ddf754f-d193-4cc9-b351-99906754a03b","2184365","2183234",NA,"Haemaphysalis cornigera Keegan & Toshioka, 1957","Keegan & Toshioka, 1957","Haemaphysalis cornigera","Haemaphysalis","cornigera",NA,"species",NA,NA,NA,NA,"Animalia","Arthropoda","Arachnida","Ixodida","Ixodidae","Haemaphysalis"
"BOTH",7641130,"7ddf754f-d193-4cc9-b351-99906754a03b","2184365","2183228",NA,"Haemaphysalis darjeeling Tanskul & Inlao, 1989","Tanskul & Inlao, 1989","Haemaphysalis darjeeling","Haemaphysalis","darjeeling",NA,"species",NA,NA,NA,NA,"Animalia","Arthropoda","Arachnida","Ixodida","Ixodidae","Haemaphysalis"
"BOTH",2182531,"7ddf754f-d193-4cc9-b351-99906754a03b","8326529","2182529",NA,"Ixodes armenicus Tumanyan, Ananyan & Chubkova, 1968","Tumanyan, Ananyan & Chubkova, 1968","Ixodes armenicus","Ixodes","armenicus",NA,"species",NA,NA,NA,NA,"Animalia","Arthropoda","Arachnida","Ixodida","Ixodidae","Ixodes"
"BOTH",2182949,"7ddf754f-d193-4cc9-b351-99906754a03b","2183512","2182943",NA,"Hyalomma aegypticum Jaschke, 1933","Jaschke, 1933","Hyalomma aegypticum","Hyalomma","aegypticum",NA,"species",NA,NA,NA,NA,"Animalia","Arthropoda","Arachnida","Ixodida","Ixodidae","Hyalomma"
"BOTH",2182957,"7ddf754f-d193-4cc9-b351-99906754a03b","2183512","2182943",NA,"Amblyomma aegyptium Rickman, 1908","Rickman, 1908","Amblyomma aegyptium","Amblyomma","aegyptium",NA,"species",NA,NA,NA,NA,"Animalia","Arthropoda","Arachnida","Ixodida","Ixodidae","Hyalomma"
"BOTH",6184585,"7ddf754f-d193-4cc9-b351-99906754a03b","2184370","2183450",NA,"Dermacentor varius kamtschadalus Schulze, 1933","Schulze, 1933","Dermacentor varius kamtschadalus","Dermacentor","varius","kamtschadalus","subspecies",NA,NA,NA,NA,"Animalia","Arthropoda","Arachnida","Ixodida","Ixodidae","Dermacentor"
"BOTH",7840613,"7ddf754f-d193-4cc9-b351-99906754a03b","2184370","2183446",NA,"Dermacentor atrosignatus Arthur, 1960","Arthur, 1960","Dermacentor atrosignatus","Dermacentor","atrosignatus",NA,"species",NA,NA,NA,NA,"Animalia","Arthropoda","Arachnida","Ixodida","Ixodidae","Dermacentor"
"BOTH",6184587,"7ddf754f-d193-4cc9-b351-99906754a03b","2184370","2183450",NA,"Dermacentor albipictus kamshadalus Arthur, 1960","Arthur, 1960","Dermacentor albipictus kamshadalus","Dermacentor","albipictus","kamshadalus","subspecies",NA,NA,NA,NA,"Animalia","Arthropoda","Arachnida","Ixodida","Ixodidae","Dermacentor"
"BOTH",6184589,"7ddf754f-d193-4cc9-b351-99906754a03b","2184370","2183450",NA,"Dermacentor variegatus kamshadalus Arthur, 1960","Arthur, 1960","Dermacentor variegatus kamshadalus","Dermacentor","variegatus","kamshadalus","subspecies",NA,NA,NA,NA,"Animalia","Arthropoda","Arachnida","Ixodida","Ixodidae","Dermacentor"
"BOTH",6184590,"7ddf754f-d193-4cc9-b351-99906754a03b","2184370","2183450",NA,"Dermacentor variegatus kamtschadalus Olenev, 1931","Olenev, 1931","Dermacentor variegatus kamtschadalus","Dermacentor","variegatus","kamtschadalus","subspecies",NA,NA,NA,NA,"Animalia","Arthropoda","Arachnida","Ixodida","Ixodidae","Dermacentor"
"BOTH",2183149,"7ddf754f-d193-4cc9-b351-99906754a03b","2184365","2183147",NA,"Haemaphysalis hispinosa Neumann, 1897","Neumann, 1897","Haemaphysalis hispinosa","Haemaphysalis","hispinosa",NA,"species",NA,NA,NA,NA,"Animalia","Arthropoda","Arachnida","Ixodida","Ixodidae","Haemaphysalis"
"BOTH",5174085,"7ddf754f-d193-4cc9-b351-99906754a03b","8326529","5174079",NA,"Ixodes tordi Armstrong, 1953","Armstrong, 1953","Ixodes tordi","Ixodes","tordi",NA,"species",NA,NA,NA,NA,"Animalia","Arthropoda","Arachnida","Ixodida","Ixodidae","Ixodes"
"BOTH",8233805,"7ddf754f-d193-4cc9-b351-99906754a03b","8326529","5174245",NA,"Ixodes cookei Eads, Menzies & Hightower, 1956","Eads, Menzies & Hightower, 1956","Ixodes cookei","Ixodes","cookei",NA,"species",NA,NA,NA,NA,"Animalia","Arthropoda","Arachnida","Ixodida","Ixodidae","Ixodes"
"BOTH",8334383,"7ddf754f-d193-4cc9-b351-99906754a03b","8326529","5174379",NA,"Ixodes percavatus Zumpt, 1952","Zumpt, 1952","Ixodes percavatus","Ixodes","percavatus",NA,"species",NA,NA,NA,NA,"Animalia","Arthropoda","Arachnida","Ixodida","Ixodidae","Ixodes"
"BOTH",8264614,"7ddf754f-d193-4cc9-b351-99906754a03b","8326529","5174046",NA,"Ixodes schillingsi Rageau, 1954","Rageau, 1954","Ixodes schillingsi","Ixodes","schillingsi",NA,"species",NA,NA,NA,NA,"Animalia","Arthropoda","Arachnida","Ixodida","Ixodidae","Ixodes"
"BOTH",8023259,"7ddf754f-d193-4cc9-b351-99906754a03b","8326529","5174182",NA,"Ixodes cordifer Roberts, 1955","Roberts, 1955","Ixodes cordifer","Ixodes","cordifer",NA,"species",NA,NA,NA,NA,"Animalia","Arthropoda","Arachnida","Ixodida","Ixodidae","Ixodes"
"BOTH",7867989,"7ddf754f-d193-4cc9-b351-99906754a03b","8326529","2182724",NA,"Ixodes festai Arthur, 1958","Arthur, 1958","Ixodes festai","Ixodes","festai",NA,"species",NA,NA,NA,NA,"Animalia","Arthropoda","Arachnida","Ixodida","Ixodidae","Ixodes"
"BOTH",5174381,"7ddf754f-d193-4cc9-b351-99906754a03b","8326529","5174379",NA,"Ixodes thoracicus Neumann, 1899","Neumann, 1899","Ixodes thoracicus","Ixodes","thoracicus",NA,"species",NA,NA,NA,NA,"Animalia","Arthropoda","Arachnida","Ixodida","Ixodidae","Ixodes"
"BOTH",5174249,"7ddf754f-d193-4cc9-b351-99906754a03b","8326529","5174246",NA,"Ixodes happinus Yajima, 1955","Yajima, 1955","Ixodes happinus","Ixodes","happinus",NA,"species",NA,NA,NA,NA,"Animalia","Arthropoda","Arachnida","Ixodida","Ixodidae","Ixodes"
"BOTH",7439008,"7ddf754f-d193-4cc9-b351-99906754a03b","2184365","2183299",NA,"Haemaphysalis bispinosa Rageau & Vervent, 1959","Rageau & Vervent, 1959","Haemaphysalis bispinosa","Haemaphysalis","bispinosa",NA,"species",NA,NA,NA,NA,"Animalia","Arthropoda","Arachnida","Ixodida","Ixodidae","Haemaphysalis"
"BOTH",5174083,"7ddf754f-d193-4cc9-b351-99906754a03b","8326529","5174079",NA,"Ixodes segalasi Euzéby, 1957","Euzéby, 1957","Ixodes segalasi","Ixodes","segalasi",NA,"species",NA,NA,NA,NA,"Animalia","Arthropoda","Arachnida","Ixodida","Ixodidae","Ixodes"
"BOTH",5174070,"7ddf754f-d193-4cc9-b351-99906754a03b","8326529","5174069",NA,"Ixodes rubidis Clifford et al., 1973","Clifford et al., 1973","Ixodes rubidis","Ixodes","rubidis",NA,"species",NA,NA,NA,NA,"Animalia","Arthropoda","Arachnida","Ixodida","Ixodidae","Ixodes"
"BOTH",10608037,"de8934f4-a136-481c-a87a-b0b202b80a31","2185003","4550042",NA,"Parasitus eta Oudemans & Voigts, 1904","Oudemans & Voigts, 1904","Parasitus eta","Parasitus","eta",NA,"species",NA,NA,NA,NA,"Animalia","Arthropoda","Arachnida","Mesostigmata","Parasitidae","Parasitus"
"BOTH",7580679,"7ddf754f-d193-4cc9-b351-99906754a03b","2183844","2183841",NA,"Rhipicephalus simus Tendeiro, 1946","Tendeiro, 1946","Rhipicephalus simus","Rhipicephalus","simus",NA,"species",NA,NA,NA,NA,"Animalia","Arthropoda","Arachnida","Ixodida","Ixodidae","Rhipicephalus"
"BOTH",8102119,"7ddf754f-d193-4cc9-b351-99906754a03b","2183844","2183600",NA,"Rhipicephalus simus Morel & Vassiliades, 1965","Morel & Vassiliades, 1965","Rhipicephalus simus","Rhipicephalus","simus",NA,"species",NA,NA,NA,NA,"Animalia","Arthropoda","Arachnida","Ixodida","Ixodidae","Rhipicephalus"
"BOTH",8353627,"7ddf754f-d193-4cc9-b351-99906754a03b","2183844","2183600",NA,"Rhipicephalus simus Tonelli-Rondelli, 1930","Tonelli-Rondelli, 1930","Rhipicephalus simus","Rhipicephalus","simus",NA,"species",NA,NA,NA,NA,"Animalia","Arthropoda","Arachnida","Ixodida","Ixodidae","Rhipicephalus"
"BOTH",8231166,"7ddf754f-d193-4cc9-b351-99906754a03b","2183844","2183545",NA,"Rhipicephalus follis Theiler & Robinson, 1935","Theiler & Robinson, 1935","Rhipicephalus follis","Rhipicephalus","follis",NA,"species",NA,NA,NA,NA,"Animalia","Arthropoda","Arachnida","Ixodida","Ixodidae","Rhipicephalus"
"BOTH",9233143,"90d9e8a6-0ce1-472d-b682-3451095dbc5a","4547815","4547818",NA,"Proctophyllodes bureschi Vassilev, 1958","Vassilev, 1958","Proctophyllodes bureschi","Proctophyllodes","bureschi",NA,"species",NA,NA,NA,NA,"Animalia","Arthropoda","Arachnida","Sarcoptiformes","Proctophyllodidae","Alaudicola"
"BOTH",2184462,"7ddf754f-d193-4cc9-b351-99906754a03b","2184412","2184460",NA,"Ornithodoros jalaje Adamson, 1935","Adamson, 1935","Ornithodoros jalaje","Ornithodoros","jalaje",NA,"species",NA,NA,NA,NA,"Animalia","Arthropoda","Arachnida","Ixodida","Argasidae","Carios"
"BOTH",2183993,"7ddf754f-d193-4cc9-b351-99906754a03b","7967293","2183986",NA,"Hyalomma variegatum Weiss, 1911","Weiss, 1911","Hyalomma variegatum","Hyalomma","variegatum",NA,"species",NA,NA,NA,NA,"Animalia","Arthropoda","Arachnida","Ixodida","Ixodidae","Amblyomma"
"BOTH",2183997,"7ddf754f-d193-4cc9-b351-99906754a03b","7967293","2183996",NA,"Amblyomma immaculatum Spicer & Dove, 1938","Spicer & Dove, 1938","Amblyomma immaculatum","Amblyomma","immaculatum",NA,"species",NA,NA,NA,NA,"Animalia","Arthropoda","Arachnida","Ixodida","Ixodidae","Amblyomma"
"BOTH",2183988,"7ddf754f-d193-4cc9-b351-99906754a03b","7967293","2183986",NA,"Hyalomma venustum Michael, 1893","Michael, 1893","Hyalomma venustum","Hyalomma","venustum",NA,"species",NA,NA,NA,NA,"Animalia","Arthropoda","Arachnida","Ixodida","Ixodidae","Amblyomma"
"BOTH",8185724,"7ddf754f-d193-4cc9-b351-99906754a03b","7967293","2183986",NA,"Amblyomma pomposum Robinson, 1926","Robinson, 1926","Amblyomma pomposum","Amblyomma","pomposum",NA,"species",NA,NA,NA,NA,"Animalia","Arthropoda","Arachnida","Ixodida","Ixodidae","Amblyomma"
"BOTH",2184923,"7ddf754f-d193-4cc9-b351-99906754a03b","2184982","2184918",NA,"Argas perricus George, 1877","George, 1877","Argas perricus","Argas","perricus",NA,"species",NA,NA,NA,NA,"Animalia","Arthropoda","Arachnida","Ixodida","Argasidae","Argas"
"BOTH",2184929,"7ddf754f-d193-4cc9-b351-99906754a03b","2184982","2184918",NA,"Argas persikus Schneidemühl, 1896","Schneidemühl, 1896","Argas persikus","Argas","persikus",NA,"species",NA,NA,NA,NA,"Animalia","Arthropoda","Arachnida","Ixodida","Argasidae","Argas"
"BOTH",2184922,"7ddf754f-d193-4cc9-b351-99906754a03b","2184982","2184918",NA,"Rhynchoprium persicum Castellani & Chalmers, 1919","Castellani & Chalmers, 1919","Rhynchoprium persicum","Rhynchoprium","persicum",NA,"species",NA,NA,NA,NA,"Animalia","Arthropoda","Arachnida","Ixodida","Argasidae","Argas"
"BOTH",2183197,"7ddf754f-d193-4cc9-b351-99906754a03b","2184365","2183195",NA,"Haemaphysalis numidiana Nuttall, 1905","Nuttall, 1905","Haemaphysalis numidiana","Haemaphysalis","numidiana",NA,"species",NA,NA,NA,NA,"Animalia","Arthropoda","Arachnida","Ixodida","Ixodidae","Haemaphysalis"
"BOTH",7394799,"7ddf754f-d193-4cc9-b351-99906754a03b","2184365","2183137",NA,"Haemaphysalis novaeguineae Toumanoff, 1944","Toumanoff, 1944","Haemaphysalis novaeguineae","Haemaphysalis","novaeguineae",NA,"species",NA,NA,NA,NA,"Animalia","Arthropoda","Arachnida","Ixodida","Ixodidae","Haemaphysalis"
"BOTH",2183115,"7ddf754f-d193-4cc9-b351-99906754a03b","2184365","2183114",NA,"Haemaphysalis novea-guineae Krijgsman & Ponto, 1932","Krijgsman & Ponto, 1932","Haemaphysalis novea-guineae","Haemaphysalis","novea-guineae",NA,"species",NA,NA,NA,NA,"Animalia","Arthropoda","Arachnida","Ixodida","Ixodidae","Haemaphysalis"
"BOTH",7526325,"7ddf754f-d193-4cc9-b351-99906754a03b","8326529","5174340",NA,"Ixodes lunatus Colas-Belcour & Grenier, 1942","Colas-Belcour & Grenier, 1942","Ixodes lunatus","Ixodes","lunatus",NA,"species",NA,NA,NA,NA,"Animalia","Arthropoda","Arachnida","Ixodida","Ixodidae","Ixodes"
"BOTH",7401374,"7ddf754f-d193-4cc9-b351-99906754a03b","8326529","2182565",NA,"Ixodes vulpis Schulze & Schlottke, 1930","Schulze & Schlottke, 1930","Ixodes vulpis","Ixodes","vulpis",NA,"species",NA,NA,NA,NA,"Animalia","Arthropoda","Arachnida","Ixodida","Ixodidae","Ixodes"
"BOTH",4549071,"de8934f4-a136-481c-a87a-b0b202b80a31","2188248","2188249",NA,"Varroa jacobsoni Oudemans, 1904","Oudemans, 1904","Varroa jacobsoni","Varroa","jacobsoni",NA,"species",NA,NA,NA,NA,"Animalia","Arthropoda","Arachnida","Mesostigmata","Varroidae","Varroa"
"BOTH",7438562,"de8934f4-a136-481c-a87a-b0b202b80a31","2192163","2192167",NA,"Nothrus segnis",NA,"Nothrus segnis","Nothrus","segnis",NA,"species",NA,NA,NA,NA,"Animalia","Arthropoda","Arachnida","Sarcoptiformes","Crotoniidae","Camisia"
"BOTH",10372376,"de8934f4-a136-481c-a87a-b0b202b80a31","2192163","2192167",NA,"Camisia scabra",NA,"Camisia scabra","Camisia","scabra",NA,"species",NA,NA,NA,NA,"Animalia","Arthropoda","Arachnida","Sarcoptiformes","Crotoniidae","Camisia"
"BOTH",2183776,"7ddf754f-d193-4cc9-b351-99906754a03b","2183844","2183769",NA,"Ornithodoros annulatus Grimaldi, 1934","Grimaldi, 1934","Ornithodoros annulatus","Ornithodoros","annulatus",NA,"species",NA,NA,NA,NA,"Animalia","Arthropoda","Arachnida","Ixodida","Ixodidae","Rhipicephalus"
"BOTH",2183753,"7ddf754f-d193-4cc9-b351-99906754a03b","2183844","2183769",NA,"Ixodes dugesi Mégnin, 1880","Mégnin, 1880","Ixodes dugesi","Ixodes","dugesi",NA,"species",NA,NA,NA,NA,"Animalia","Arthropoda","Arachnida","Ixodida","Ixodidae","Rhipicephalus"
"BOTH",10662818,"7ddf754f-d193-4cc9-b351-99906754a03b","2183844","2183597",NA,"Rhipicephalus dugesi Neumann, 1911","Neumann, 1911","Rhipicephalus dugesi","Rhipicephalus","dugesi",NA,"species",NA,NA,NA,NA,"Animalia","Arthropoda","Arachnida","Ixodida","Ixodidae","Rhipicephalus"
"BOTH",2184094,"7ddf754f-d193-4cc9-b351-99906754a03b","7967293","2184092",NA,"Rhipicephalus furcosum Neumann, 1901","Neumann, 1901","Rhipicephalus furcosum","Rhipicephalus","furcosum",NA,"species",NA,NA,NA,NA,"Animalia","Arthropoda","Arachnida","Ixodida","Ixodidae","Amblyomma"
"BOTH",7889239,"7ddf754f-d193-4cc9-b351-99906754a03b","7967293","2184319",NA,"Ixodes testudinis Conil, 1877","Conil, 1877","Ixodes testudinis","Ixodes","testudinis",NA,"species",NA,NA,NA,NA,"Animalia","Arthropoda","Arachnida","Ixodida","Ixodidae","Amblyomma"
"BOTH",2192072,"7ddf754f-d193-4cc9-b351-99906754a03b","3639","2194522",NA,"Epilohmannoides bipectinatus (Aoki, 1959)","(Aoki, 1959)","Epilohmannoides bipectinatus","Epilohmannoides","bipectinatus",NA,"species",NA,NA,NA,NA,"Animalia","Arthropoda","Arachnida","Sarcoptiformes","Phthiracaridae","Phthiracarus"
"BOTH",7442358,"7ddf754f-d193-4cc9-b351-99906754a03b","8326529","2182727",NA,"Ixodes muris Good, 1973","Good, 1973","Ixodes muris","Ixodes","muris",NA,"species",NA,NA,NA,NA,"Animalia","Arthropoda","Arachnida","Ixodida","Ixodidae","Ixodes"
"BOTH",2183336,"7ddf754f-d193-4cc9-b351-99906754a03b","2184365","2183325",NA,"Hyalomma sulcata Mamikonyan, 1950","Mamikonyan, 1950","Hyalomma sulcata","Hyalomma","sulcata",NA,"species",NA,NA,NA,NA,"Animalia","Arthropoda","Arachnida","Ixodida","Ixodidae","Haemaphysalis"
"BOTH",7879889,"7ddf754f-d193-4cc9-b351-99906754a03b","2184365","2183267",NA,"Haemaphysalis hirsuta Phan Trong, Doan Van Thu & Nguyen Van Chi, 1977","Phan Trong, Doan Van Thu & Nguyen Van Chi, 1977","Haemaphysalis hirsuta","Haemaphysalis","hirsuta",NA,"species",NA,NA,NA,NA,"Animalia","Arthropoda","Arachnida","Ixodida","Ixodidae","Haemaphysalis"
"BOTH",7530396,"7ddf754f-d193-4cc9-b351-99906754a03b","2184365","2183325",NA,"Haemaphysalis punctata Berlese, 1889","Berlese, 1889","Haemaphysalis punctata","Haemaphysalis","punctata",NA,"species",NA,NA,NA,NA,"Animalia","Arthropoda","Arachnida","Ixodida","Ixodidae","Haemaphysalis"
"BOTH",10357970,"de8934f4-a136-481c-a87a-b0b202b80a31","2189857","2189859",NA,"Hypochthoniella pallidula",NA,"Hypochthoniella pallidula","Hypochthoniella","pallidula",NA,"species",NA,NA,NA,NA,"Animalia","Arthropoda","Arachnida","Sarcoptiformes","Eniochthoniidae","Hypochthoniella"
"BOTH",6184449,"7ddf754f-d193-4cc9-b351-99906754a03b","2183844","2183591",NA,"Rhipicephalus planus complanatus Rageau, 1951","Rageau, 1951","Rhipicephalus planus complanatus","Rhipicephalus","planus","complanatus","subspecies",NA,NA,NA,NA,"Animalia","Arthropoda","Arachnida","Ixodida","Ixodidae","Rhipicephalus"
"BOTH",2183835,"7ddf754f-d193-4cc9-b351-99906754a03b","2183844","2183832",NA,"Boophilus haemaphysaloides De Blieck, 1916","De Blieck, 1916","Boophilus haemaphysaloides","Boophilus","haemaphysaloides",NA,"species",NA,NA,NA,NA,"Animalia","Arthropoda","Arachnida","Ixodida","Ixodidae","Rhipicephalus"
"NEW",2184431,"7ddf754f-d193-4cc9-b351-99906754a03b","2184412","2184429",NA,"Ornithodoros capensis Filippova, 1963","Filippova, 1963","Ornithodoros capensis","Ornithodoros","capensis",NA,"species",NA,NA,NA,NA,"Animalia","Arthropoda","Arachnida","Ixodida","Argasidae","Carios"
"NEW",4404649,"7ddf754f-d193-4cc9-b351-99906754a03b","2184365","2183273",NA,"Haemaphysalis parva Neumann, 1908","Neumann, 1908","Haemaphysalis parva","Haemaphysalis","parva",NA,"species",NA,NA,NA,NA,"Animalia","Arthropoda","Arachnida","Ixodida","Ixodidae","Haemaphysalis"
"NEW",4542307,"90d9e8a6-0ce1-472d-b682-3451095dbc5a","4542339","8494870",NA,"Micrereunetes brevipes Berlese, 1923","Berlese, 1923","Micrereunetes brevipes","Micrereunetes","brevipes",NA,"species",NA,NA,NA,"Originally found in sources as proparte synonym of Eupodes brevipes (Berlese, 1923)","Animalia","Arthropoda","Arachnida","Trombidiformes","Eupodidae","Protereunetes"
"NEW",4549724,"90d9e8a6-0ce1-472d-b682-3451095dbc5a","4336763","4549723",NA,"Discopoma pulcherrimus Berlese, 1903","Berlese, 1903","Discopoma pulcherrimus","Discopoma","pulcherrimus",NA,"species",NA,NA,NA,NA,"Animalia","Arthropoda","Arachnida","Mesostigmata","Uropodidae","Phaulodinychus"
"NEW",8430432,"7ddf754f-d193-4cc9-b351-99906754a03b","8326529","2182565",NA,"Ixodes autumnalis Schulze & Schlottke, 1930","Schulze & Schlottke, 1930","Ixodes autumnalis","Ixodes","autumnalis",NA,"species",NA,NA,NA,NA,"Animalia","Arthropoda","Arachnida","Ixodida","Ixodidae","Ixodes"
"NEW",8716350,"2d59e5db-57ad-41ff-97d6-11f5fb264527","4337525","4337527",NA,"Copidognathus magnipalpus serratisetus Viets, 1928","Viets, 1928","Copidognathus magnipalpus serratisetus","Copidognathus","magnipalpus","serratisetus","subspecies",NA,"Viets, K. (1928). Wassermilben aus dem Schwarzen Meer, dem Kaspischen Meer und dem Aral-See. <em>Abh.  naturw.  Ver.  Bremen.</em> 27: 47-80.",NA,NA,"Animalia","Arthropoda","Arachnida","Trombidiformes","Halacaridae","Copidognathus"
"NEW",8840957,"7ddf754f-d193-4cc9-b351-99906754a03b","7967293","2184273",NA,"Amblyomma cyprium cyprium","Chang, 1958","Amblyomma cyprium cyprium","Amblyomma","cyprium","cyprium","subspecies",NA,NA,NA,NA,"Animalia","Arthropoda","Arachnida","Ixodida","Ixodidae","Amblyomma"
"NEW",9228688,"7ddf754f-d193-4cc9-b351-99906754a03b","2183844","2183573",NA,"Rhipicephalus simus planus Neumann, 1913","Neumann, 1913","Rhipicephalus simus planus","Rhipicephalus","simus","planus","subspecies",NA,NA,NA,NA,"Animalia","Arthropoda","Arachnida","Ixodida","Ixodidae","Rhipicephalus"
"NEW",9228689,"7ddf754f-d193-4cc9-b351-99906754a03b","2184365","2183235",NA,"Haemaphysalis proxima Warburton & Nuttall, 1909","Warburton & Nuttall, 1909","Haemaphysalis proxima","Haemaphysalis","proxima",NA,"species",NA,NA,NA,NA,"Animalia","Arthropoda","Arachnida","Ixodida","Ixodidae","Haemaphysalis"
"NEW",9232958,"2d59e5db-57ad-41ff-97d6-11f5fb264527","2180728","4337525",NA,"Copidognathus magnipalpus serratisetus Viets, 1928","Viets, 1928","Copidognathus magnipalpus serratisetus","Copidognathus","magnipalpus","serratisetus","subspecies",NA,"Viets, K. (1928). Wassermilben aus dem Schwarzen Meer, dem Kaspischen Meer und dem Aral-See. <em>Abh.  naturw.  Ver.  Bremen.</em> 27: 47-80.",NA,NA,"Animalia","Arthropoda","Arachnida","Trombidiformes","Halacaridae","Copidognathus"
"NEW",9233125,"90d9e8a6-0ce1-472d-b682-3451095dbc5a","2188222","4548652",NA,"Ameroseius ornata Postner, 1951","Postner, 1951","Ameroseius ornata","Ameroseius","ornata",NA,"species",NA,NA,NA,NA,"Animalia","Arthropoda","Arachnida","Mesostigmata","Ascidae","Proctolaelaps"
"NEW",9233135,"90d9e8a6-0ce1-472d-b682-3451095dbc5a","2128489","4544718",NA,"Eriophyes salicisincanae Nalepa, 1925","Nalepa, 1925","Eriophyes salicisincanae","Eriophyes","salicisincanae",NA,"species",NA,NA,NA,NA,"Animalia","Arthropoda","Arachnida","Trombidiformes","Eriophyidae","Aceria"
"NEW",9642406,"7ddf754f-d193-4cc9-b351-99906754a03b","7967293","2184209",NA,"Amblyomma cohaerens Sousa Dias, 1950","Sousa Dias, 1950","Amblyomma cohaerens","Amblyomma","cohaerens",NA,"species",NA,NA,NA,NA,"Animalia","Arthropoda","Arachnida","Ixodida","Ixodidae","Amblyomma"
"NEW",9642400,"7ddf754f-d193-4cc9-b351-99906754a03b","2183844","2183558",NA,"Rhipicephalus simpsoni Baker & Keep, 1970","Baker & Keep, 1970","Rhipicephalus simpsoni","Rhipicephalus","simpsoni",NA,"species",NA,NA,NA,NA,"Animalia","Arthropoda","Arachnida","Ixodida","Ixodidae","Rhipicephalus"
"NEW",9642403,"7ddf754f-d193-4cc9-b351-99906754a03b","8326529","5174242",NA,"Ixodes californicus Banks, 1908","Banks, 1908","Ixodes californicus","Ixodes","californicus",NA,"species",NA,NA,NA,NA,"Animalia","Arthropoda","Arachnida","Ixodida","Ixodidae","Ixodes"
"NEW",9645119,"90d9e8a6-0ce1-472d-b682-3451095dbc5a","4542339","8494870",NA,"Micrereunetes brevipes Berlese, 1923","Berlese, 1923","Micrereunetes brevipes","Micrereunetes","brevipes",NA,"species",NA,NA,NA,"Originally found in sources as proparte synonym of Eupodes brevipes (Berlese, 1923)","Animalia","Arthropoda","Arachnida","Trombidiformes","Eupodidae","Protereunetes"
"NEW",9822104,"7ddf754f-d193-4cc9-b351-99906754a03b","2184365","2183247",NA,"Haemaphysalis leporis Neumann, 1897","Neumann, 1897","Haemaphysalis leporis","Haemaphysalis","leporis",NA,"species",NA,NA,NA,NA,"Animalia","Arthropoda","Arachnida","Ixodida","Ixodidae","Haemaphysalis"
"NEW",10904644,"9ca92552-f23a-41a8-a140-01abaa31c931","9167","7967293",NA,"Amblyomma acutangulatum Neumann, 1899","Neumann, 1899","Amblyomma acutangulatum","Amblyomma","acutangulatum",NA,"species",NA,NA,NA,NA,"Animalia","Arthropoda","Arachnida","Ixodida","Ixodidae","Amblyomma"
"NEW",10917563,"9ca92552-f23a-41a8-a140-01abaa31c931","9167","8326529",NA,"Ixodes hoogstraalae Emel'yanova, Vasil'ev, Vershinina, Derevshchikov et al., 1978","Emel'yanova, Vasil'ev, Vershinina, Derevshchikov et al., 1978","Ixodes hoogstraalae","Ixodes","hoogstraalae",NA,"species",NA,NA,NA,NA,"Animalia","Arthropoda","Arachnida","Ixodida","Ixodidae","Ixodes"
"NEW",10918451,"7ddf754f-d193-4cc9-b351-99906754a03b","2183844","2183551",NA,"Rhipicephalus maculatus Neumann, 1901","Neumann, 1901","Rhipicephalus maculatus","Rhipicephalus","maculatus",NA,"species",NA,NA,NA,NA,"Animalia","Arthropoda","Arachnida","Ixodida","Ixodidae","Rhipicephalus"
"NEW",10978922,"7ddf754f-d193-4cc9-b351-99906754a03b","8326529","5174312",NA,"Ixodes ugandanus djaronensis Nuttall & Warburton, 1911","Nuttall & Warburton, 1911","Ixodes ugandanus djaronensis","Ixodes","ugandanus","djaronensis","subspecies",NA,NA,NA,NA,"Animalia","Arthropoda","Arachnida","Ixodida","Ixodidae","Ixodes"
"NEW",10982695,"7ddf754f-d193-4cc9-b351-99906754a03b","7967293","2184275",NA,"Amblyomma cyprium Toumanoff, 1944","Toumanoff, 1944","Amblyomma cyprium","Amblyomma","cyprium",NA,"species",NA,NA,NA,NA,"Animalia","Arthropoda","Arachnida","Ixodida","Ixodidae","Amblyomma"
"NEW",11000543,"9ca92552-f23a-41a8-a140-01abaa31c931","9167","2183844",NA,"Rhipicephalus houlatus Dana, 2009","Dana, 2009","Rhipicephalus houlatus","Rhipicephalus","houlatus",NA,"species",NA,NA,NA,NA,"Animalia","Arthropoda","Arachnida","Ixodida","Ixodidae","Rhipicephalus"
"NEW",11017599,"7ddf754f-d193-4cc9-b351-99906754a03b","2183844","2183809",NA,"Rhipicephalus planus Neumann, 1910","Neumann, 1910","Rhipicephalus planus","Rhipicephalus","planus",NA,"species",NA,NA,NA,NA,"Animalia","Arthropoda","Arachnida","Ixodida","Ixodidae","Rhipicephalus"
"NEW",11020752,"7ddf754f-d193-4cc9-b351-99906754a03b","7967293","2184047",NA,"Dermacentor rhinocerotis rhinocerotis","Neumann, 1911","Dermacentor rhinocerotis rhinocerotis","Dermacentor","rhinocerotis","rhinocerotis","subspecies",NA,NA,NA,NA,"Animalia","Arthropoda","Arachnida","Ixodida","Ixodidae","Amblyomma"
"NEW",11033701,"9ca92552-f23a-41a8-a140-01abaa31c931","9167","8326529",NA,"Ixodes poonchensis Sharma, 1993","Sharma, 1993","Ixodes poonchensis","Ixodes","poonchensis",NA,"species",NA,NA,NA,NA,"Animalia","Arthropoda","Arachnida","Ixodida","Ixodidae","Ixodes"
"NEW",11045536,"9ca92552-f23a-41a8-a140-01abaa31c931","9167","2183844",NA,"Rhipicephalus hoogstraali Kolonin, 2009","Kolonin, 2009","Rhipicephalus hoogstraali","Rhipicephalus","hoogstraali",NA,"species",NA,NA,NA,NA,"Animalia","Arthropoda","Arachnida","Ixodida","Ixodidae","Rhipicephalus"
"NEW",11046266,"7ddf754f-d193-4cc9-b351-99906754a03b","2184982","2184960",NA,"Argas reflexus Teng, 1978","Teng, 1978","Argas reflexus","Argas","reflexus",NA,"species",NA,NA,NA,NA,"Animalia","Arthropoda","Arachnida","Ixodida","Argasidae","Argas"
"NEW",11046689,"7ddf754f-d193-4cc9-b351-99906754a03b","2183844","2183559",NA,"Rhipicephalus simus simus","Rousselot, 1953","Rhipicephalus simus simus","Rhipicephalus","simus","simus","subspecies",NA,NA,NA,NA,"Animalia","Arthropoda","Arachnida","Ixodida","Ixodidae","Rhipicephalus"
"NEW",11048492,"7ddf754f-d193-4cc9-b351-99906754a03b","8326529","5174090",NA,"Ixodes diversifossus Neumann, 1911","Neumann, 1911","Ixodes diversifossus","Ixodes","diversifossus",NA,"species",NA,NA,NA,NA,"Animalia","Arthropoda","Arachnida","Ixodida","Ixodidae","Ixodes"
"NEW",11049200,"9ca92552-f23a-41a8-a140-01abaa31c931","9167","7967293",NA,"Amblyomma mantiguinensa Liu, Huang, Zhao & E.","Liu, Huang, Zhao & E.","Amblyomma mantiguinensa","Amblyomma","mantiguinensa",NA,"species",NA,NA,NA,NA,"Animalia","Arthropoda","Arachnida","Ixodida","Ixodidae","Amblyomma"
"NEW",11053448,"0e61f8fe-7d25-4f81-ada7-d970bbb2c6d6","2185003","4550042","10608037","Phorytocarpais eta (Oudemans & Voigts, 1904)","(Oudemans & Voigts, 1904)","Phorytocarpais eta","Phorytocarpais","eta",NA,"species",NA,NA,NA,"Originally found in sources as accepted taxon within Phorytocarpais Athias-Henriot, 1979","Animalia","Arthropoda","Arachnida","Mesostigmata","Parasitidae","Parasitus"
"NEW",11053533,"7ddf754f-d193-4cc9-b351-99906754a03b","2183844","2183596",NA,"Rhipicephalus sanguineus Rageau, 1953","Rageau, 1953","Rhipicephalus sanguineus","Rhipicephalus","sanguineus",NA,"species",NA,NA,NA,NA,"Animalia","Arthropoda","Arachnida","Ixodida","Ixodidae","Rhipicephalus"
"NEW",11055204,"9ca92552-f23a-41a8-a140-01abaa31c931","9167","2183512",NA,"Hyalomma bubi Sharma, 1993","Sharma, 1993","Hyalomma bubi","Hyalomma","bubi",NA,"species",NA,NA,NA,NA,"Animalia","Arthropoda","Arachnida","Ixodida","Ixodidae","Hyalomma"
"NEW",11056463,"7ddf754f-d193-4cc9-b351-99906754a03b","2184365","2183345",NA,"Haemaphysalis leachi Rageau, 1954","Rageau, 1954","Haemaphysalis leachi","Haemaphysalis","leachi",NA,"species",NA,NA,NA,NA,"Animalia","Arthropoda","Arachnida","Ixodida","Ixodidae","Haemaphysalis"
"NEW",11059170,"7ddf754f-d193-4cc9-b351-99906754a03b","2184365","2183202",NA,"Haemaphysalis leachi leachi","Lamontellerie, 1960","Haemaphysalis leachi leachi","Haemaphysalis","leachi","leachi","subspecies",NA,NA,NA,NA,"Animalia","Arthropoda","Arachnida","Ixodida","Ixodidae","Haemaphysalis"
"NEW",11059530,"7ddf754f-d193-4cc9-b351-99906754a03b","2183844","2183560",NA,"Rhipicephalus pravus Santos Dias, 1954","Santos Dias, 1954","Rhipicephalus pravus","Rhipicephalus","pravus",NA,"species",NA,NA,NA,NA,"Animalia","Arthropoda","Arachnida","Ixodida","Ixodidae","Rhipicephalus"
"NEW",11060386,"7ddf754f-d193-4cc9-b351-99906754a03b","7967293","2184224",NA,"Amblyomma cyprium cyprium","Chang, 1958","Amblyomma cyprium cyprium","Amblyomma","cyprium","cyprium","subspecies",NA,NA,NA,NA,"Animalia","Arthropoda","Arachnida","Ixodida","Ixodidae","Amblyomma"
"NEW",11061320,"9ca92552-f23a-41a8-a140-01abaa31c931","9167","7967293",NA,"Amblyomma grossum (Pallas, 1772)","(Pallas, 1772)","Amblyomma grossum","Amblyomma","grossum",NA,"species",NA,NA,NA,NA,"Animalia","Arthropoda","Arachnida","Ixodida","Ixodidae","Amblyomma"
"NEW",11076036,"7ddf754f-d193-4cc9-b351-99906754a03b","2184365","2183239",NA,"Haemaphysalis leporis Neumann, 1897","Neumann, 1897","Haemaphysalis leporis","Haemaphysalis","leporis",NA,"species",NA,NA,NA,NA,"Animalia","Arthropoda","Arachnida","Ixodida","Ixodidae","Haemaphysalis"
"NEW",11077211,"9ca92552-f23a-41a8-a140-01abaa31c931","9167","8326529",NA,"Ixodes aubiensis Arthur, 1958","Arthur, 1958","Ixodes aubiensis","Ixodes","aubiensis",NA,"species",NA,NA,NA,NA,"Animalia","Arthropoda","Arachnida","Ixodida","Ixodidae","Ixodes"
"NEW",11102415,"7ddf754f-d193-4cc9-b351-99906754a03b","7967293","2184273",NA,"Amblyomma cyprium Krijgsman & Ponto, 1931","Krijgsman & Ponto, 1931","Amblyomma cyprium","Amblyomma","cyprium",NA,"species",NA,NA,NA,NA,"Animalia","Arthropoda","Arachnida","Ixodida","Ixodidae","Amblyomma"
"NEW",11110823,"4dd32523-a3a3-43b7-84df-4cda02f15cf7","4336768","6887853",NA,"Hyletastes missouriensis Ewing, 1909","Ewing, 1909","Hyletastes missouriensis","Hyletastes","missouriensis",NA,"species",NA,NA,NA,NA,"Animalia","Arthropoda","Arachnida","Mesostigmata","Laelapidae","Pseudoparasitus"
"NEW",11110824,"4dd32523-a3a3-43b7-84df-4cda02f15cf7","4406479","4547915","9429021","Pteronyssus subtruncatus (Trouessart, 1885)","(Trouessart, 1885)","Pteronyssus subtruncatus","Pteronyssus","subtruncatus",NA,"species",NA,NA,NA,NA,"Animalia","Arthropoda","Arachnida","Sarcoptiformes","Pteronyssidae","Sturnotrogus"
"NEW",11111150,"90d9e8a6-0ce1-472d-b682-3451095dbc5a","4547815","4547820",NA,"Proctophyllodes bureschi Vassilev, 1958","Vassilev, 1958","Proctophyllodes bureschi","Proctophyllodes","bureschi",NA,"species",NA,NA,NA,NA,"Animalia","Arthropoda","Arachnida","Sarcoptiformes","Proctophyllodidae","Alaudicola"
"OLD",10662822,"7ddf754f-d193-4cc9-b351-99906754a03b","2183844","2183573",NA,"Rhipicephalus simus planus Neumann, 1907","Neumann, 1907","Rhipicephalus simus planus","Rhipicephalus","simus","planus","subspecies",NA,NA,NA,NA,"Animalia","Arthropoda","Arachnida","Ixodida","Ixodidae","Rhipicephalus"
"OLD",10669392,"4dd32523-a3a3-43b7-84df-4cda02f15cf7","2188288","10597572",NA,"Hyletastes missouriensis Ewing, 1909","Ewing, 1909","Hyletastes missouriensis","Hyletastes","missouriensis",NA,"species",NA,NA,NA,NA,"Animalia","Arthropoda","Arachnida","Mesostigmata","Laelapidae","Gymnolaelaps"
"OLD",10662821,"7ddf754f-d193-4cc9-b351-99906754a03b","2183844","2183566",NA,"Rhipicephalus sulcatus Morel & Vassiliades, 1963","Morel & Vassiliades, 1963","Rhipicephalus sulcatus","Rhipicephalus","sulcatus",NA,"species",NA,NA,NA,NA,"Animalia","Arthropoda","Arachnida","Ixodida","Ixodidae","Rhipicephalus"
"OLD",8430450,"7ddf754f-d193-4cc9-b351-99906754a03b","7967293","2184210",NA,"Amblyomma cohaerens Santos Dias, 1993","Santos Dias, 1993","Amblyomma cohaerens","Amblyomma","cohaerens",NA,"species",NA,NA,NA,NA,"Animalia","Arthropoda","Arachnida","Ixodida","Ixodidae","Amblyomma"
"OLD",8936525,"4dd32523-a3a3-43b7-84df-4cda02f15cf7","2192636","5174884",NA,"Nothrus scabrus Koch, 1879","Koch, 1879","Nothrus scabrus","Nothrus","scabrus",NA,"species",NA,NA,NA,NA,"Animalia","Arthropoda","Arachnida","Sarcoptiformes","Hermanniidae","Hermannia"
"OLD",10662811,"7ddf754f-d193-4cc9-b351-99906754a03b","2180869","4337999",NA,"Porohalacarus caecus Husmann & Teschner, 1970","Husmann & Teschner, 1970","Porohalacarus caecus","Porohalacarus","caecus",NA,"species",NA,"Husmann, S., Teschner D., 1970. Ökologie, Morphologie und Verbreitungsgeschichte subterraner Wassermilben (Limnohalacaridae) aus Schweden. Arch. Hydrobiol. 67, 242-267.",NA,NA,"Animalia","Arthropoda","Arachnida","Trombidiformes","Halacaridae","Lobohalacarus"
"OLD",6184549,"7ddf754f-d193-4cc9-b351-99906754a03b","7967293","2184047",NA,"Dermacentor rhinocerotis rhinocerotis","Neumann, 1911","Dermacentor rhinocerotis rhinocerotis","Dermacentor","rhinocerotis","rhinocerotis","subspecies",NA,NA,NA,NA,"Animalia","Arthropoda","Arachnida","Ixodida","Ixodidae","Amblyomma"
"OLD",10662825,"7ddf754f-d193-4cc9-b351-99906754a03b","7967293","2184273",NA,"Amblyomma cyprium Toumanoff, 1944","Toumanoff, 1944","Amblyomma cyprium","Amblyomma","cyprium",NA,"species",NA,NA,NA,NA,"Animalia","Arthropoda","Arachnida","Ixodida","Ixodidae","Amblyomma"
"OLD",8430436,"7ddf754f-d193-4cc9-b351-99906754a03b","8326529","5174335",NA,"Ixodes pratti Banks, 1908","Banks, 1908","Ixodes pratti","Ixodes","pratti",NA,"species",NA,NA,NA,NA,"Animalia","Arthropoda","Arachnida","Ixodida","Ixodidae","Ixodes"
"OLD",9228698,"7ddf754f-d193-4cc9-b351-99906754a03b","8326529","2182693",NA,"Ixodes hexagonus inchoatus Neumann, 1901","Neumann, 1901","Ixodes hexagonus inchoatus","Ixodes","hexagonus","inchoatus","subspecies",NA,NA,NA,NA,"Animalia","Arthropoda","Arachnida","Ixodida","Ixodidae","Ixodes"
"OLD",10669393,"4dd32523-a3a3-43b7-84df-4cda02f15cf7","4406135","4548724",NA,"Cyrtolaelaps kochi Trägårdh, 1910","Trägårdh, 1910","Cyrtolaelaps kochi","Cyrtolaelaps","kochi",NA,"species",NA,NA,NA,NA,"Animalia","Arthropoda","Arachnida","Mesostigmata","Veigaiidae","Veigaia"
"OLD",9822091,"7ddf754f-d193-4cc9-b351-99906754a03b","2183844","2183559",NA,"Rhipicephalus simpsoni Morel, 1969","Morel, 1969","Rhipicephalus simpsoni","Rhipicephalus","simpsoni",NA,"species",NA,NA,NA,NA,"Animalia","Arthropoda","Arachnida","Ixodida","Ixodidae","Rhipicephalus"
"OLD",9645168,"90d9e8a6-0ce1-472d-b682-3451095dbc5a","4405107","4548595",NA,"Ameroseius ornata Postner, 1951","Postner, 1951","Ameroseius ornata","Ameroseius","ornata",NA,"species",NA,NA,NA,NA,"Animalia","Arthropoda","Arachnida","Mesostigmata","Melicharidae","Melichares"
"OLD",4548596,"90d9e8a6-0ce1-472d-b682-3451095dbc5a","4405107","4548595",NA,"Ameroseius ornata Postner, 1951","Postner, 1951","Ameroseius ornata","Ameroseius","ornata",NA,"species",NA,NA,NA,NA,"Animalia","Arthropoda","Arachnida","Mesostigmata","Melicharidae","Melichares"
"OLD",10669777,"90d9e8a6-0ce1-472d-b682-3451095dbc5a","2188508","4546254",NA,"Pseudotritia intermedius Feider & Suciu, 1958","Feider & Suciu, 1958","Pseudotritia intermedius","Pseudotritia","intermedius",NA,"species",NA,NA,NA,NA,"Animalia","Arthropoda","Arachnida","Sarcoptiformes","Euphthiracaridae","Euphthiracarus"
"OLD",4546255,"90d9e8a6-0ce1-472d-b682-3451095dbc5a","2188508","4546254",NA,"Pseudotritia intermedius Feider & Suciu, 1958","Feider & Suciu, 1958","Pseudotritia intermedius","Pseudotritia","intermedius",NA,"species",NA,NA,NA,NA,"Animalia","Arthropoda","Arachnida","Sarcoptiformes","Euphthiracaridae","Euphthiracarus"
"OLD",6184522,"7ddf754f-d193-4cc9-b351-99906754a03b","7967293","2184332",NA,"Amblyomma cyprium cyprium","Schulze, 1932","Amblyomma cyprium cyprium","Amblyomma","cyprium","cyprium","subspecies",NA,NA,NA,NA,"Animalia","Arthropoda","Arachnida","Ixodida","Ixodidae","Amblyomma"
"OLD",10662827,"7ddf754f-d193-4cc9-b351-99906754a03b","7967293","2184026",NA,"Amblyomma göldii Neumann, 1899","Neumann, 1899","Amblyomma goldii","Amblyomma","göldii",NA,"species",NA,NA,NA,NA,"Animalia","Arthropoda","Arachnida","Ixodida","Ixodidae","Amblyomma"
"OLD",6184612,"7ddf754f-d193-4cc9-b351-99906754a03b","2184365","2183202",NA,"Haemaphysalis leachi leachi","Neuman, 1911","Haemaphysalis leachi leachi","Haemaphysalis","leachi","leachi","subspecies",NA,NA,NA,NA,"Animalia","Arthropoda","Arachnida","Ixodida","Ixodidae","Haemaphysalis"
"OLD",9233141,"90d9e8a6-0ce1-472d-b682-3451095dbc5a","4406095","4547107",NA,"Phthiracarus globus Parry, 1979","Parry, 1979","Phthiracarus globus","Phthiracarus","globus",NA,"species",NA,NA,NA,NA,"Animalia","Arthropoda","Arachnida","Sarcoptiformes","Phthiracaridae","Archiphthiracarus"
"OLD",4337528,"2d59e5db-57ad-41ff-97d6-11f5fb264527","4337525","4337527",NA,"Copidognathus magnipalpus serratisetus Viets, 1928","Viets, 1928","Copidognathus magnipalpus serratisetus","Copidognathus","magnipalpus","serratisetus","subspecies",NA,"Viets, K. (1928). Wassermilben aus dem Schwarzen Meer, dem Kaspischen Meer und dem Aral-See. <em>Abh.  naturw.  Ver.  Bremen.</em> 27: 47-80.",NA,NA,"Animalia","Arthropoda","Arachnida","Trombidiformes","Halacaridae","Copidognathus"
"OLD",6184510,"7ddf754f-d193-4cc9-b351-99906754a03b","2183844","2183726",NA,"Rhipicephalus simus planus Neumann, 1907","Neumann, 1907","Rhipicephalus simus planus","Rhipicephalus","simus","planus","subspecies",NA,NA,NA,NA,"Animalia","Arthropoda","Arachnida","Ixodida","Ixodidae","Rhipicephalus"
"OLD",10662828,"7ddf754f-d193-4cc9-b351-99906754a03b","7967293","2183998",NA,"Aponomma exornatum flavomaculatum Morel & Mouchet, 1958","Morel & Mouchet, 1958","Aponomma exornatum flavomaculatum","Aponomma","exornatum","flavomaculatum","subspecies",NA,NA,NA,NA,"Animalia","Arthropoda","Arachnida","Ixodida","Ixodidae","Amblyomma"
"OLD",2183074,"7ddf754f-d193-4cc9-b351-99906754a03b","2184365","2183165",NA,"Haemaphysalis hirudo L.Koch, 1878","L.Koch, 1878","Haemaphysalis hirudo","Haemaphysalis","hirudo",NA,"species",NA,NA,NA,NA,"Animalia","Arthropoda","Arachnida","Ixodida","Ixodidae","Haemaphysalis"
"OLD",10662835,"7ddf754f-d193-4cc9-b351-99906754a03b","2184982","2184856",NA,"Argas kochi Neumann, 1901","Neumann, 1901","Argas kochi","Argas","kochi",NA,"species",NA,NA,NA,NA,"Animalia","Arthropoda","Arachnida","Ixodida","Argasidae","Argas"
"OLD",9642401,"7ddf754f-d193-4cc9-b351-99906754a03b","2183844","2183597",NA,"Rhipicephalus dugesi Neumann, 1911","Neumann, 1911","Rhipicephalus dugesi","Rhipicephalus","dugesi",NA,"species",NA,NA,NA,NA,"Animalia","Arthropoda","Arachnida","Ixodida","Ixodidae","Rhipicephalus"
"OLD",8709315,"7ddf754f-d193-4cc9-b351-99906754a03b","2183844","2183608",NA,"Rhipicephalus ecinctus Neumann, 1908","Neumann, 1908","Rhipicephalus ecinctus","Rhipicephalus","ecinctus",NA,"species",NA,NA,NA,NA,"Animalia","Arthropoda","Arachnida","Ixodida","Ixodidae","Rhipicephalus"
"OLD",10662832,"7ddf754f-d193-4cc9-b351-99906754a03b","2184370","2183465",NA,"Ixodes albipictus Packard, 1869","Packard, 1869","Ixodes albipictus","Ixodes","albipictus",NA,"species",NA,NA,NA,NA,"Animalia","Arthropoda","Arachnida","Ixodida","Ixodidae","Dermacentor"
"OLD",10662831,"7ddf754f-d193-4cc9-b351-99906754a03b","2183877","2183892",NA,"Aponomma hydrosauri Neumann, 1899","Neumann, 1899","Aponomma hydrosauri","Aponomma","hydrosauri",NA,"species",NA,NA,NA,NA,"Animalia","Arthropoda","Arachnida","Ixodida","Ixodidae","Bothriocroton"
"OLD",10669776,"90d9e8a6-0ce1-472d-b682-3451095dbc5a","4547815","4547818",NA,"Proctophyllodes bureschi Vassilev, 1958","Vassilev, 1958","Proctophyllodes bureschi","Proctophyllodes","bureschi",NA,"species",NA,NA,NA,NA,"Animalia","Arthropoda","Arachnida","Sarcoptiformes","Proctophyllodidae","Alaudicola"
"OLD",4547108,"90d9e8a6-0ce1-472d-b682-3451095dbc5a","2194522","2194625",NA,"Phthiracarus globus Parry, 1979","Parry, 1979","Phthiracarus globus","Phthiracarus","globus",NA,"species",NA,NA,NA,NA,"Animalia","Arthropoda","Arachnida","Sarcoptiformes","Phthiracaridae","Phthiracarus"
"OLD",2184068,"7ddf754f-d193-4cc9-b351-99906754a03b","7967293","2184111",NA,"Amblyomma hassalli Marx & Neumann, 1899","Marx & Neumann, 1899","Amblyomma hassalli","Amblyomma","hassalli",NA,"species",NA,NA,NA,NA,"Animalia","Arthropoda","Arachnida","Ixodida","Ixodidae","Amblyomma"
"OLD",8225061,"7ddf754f-d193-4cc9-b351-99906754a03b","8326529","5174288",NA,"Ixodes brunneus Neumann, 1911","Neumann, 1911","Ixodes brunneus","Ixodes","brunneus",NA,"species",NA,NA,NA,NA,"Animalia","Arthropoda","Arachnida","Ixodida","Ixodidae","Ixodes"
"OLD",4549550,"90d9e8a6-0ce1-472d-b682-3451095dbc5a","2188216","4549549",NA,"Discopoma pulcherrima Berlese, 1903","Berlese, 1903","Discopoma pulcherrima","Discopoma","pulcherrima",NA,"species",NA,NA,NA,NA,"Animalia","Arthropoda","Arachnida","Mesostigmata","Uropodidae","Uropoda"
"OLD",9645170,"90d9e8a6-0ce1-472d-b682-3451095dbc5a","2188216","4549549",NA,"Discopoma pulcherrima Berlese, 1903","Berlese, 1903","Discopoma pulcherrima","Discopoma","pulcherrima",NA,"species",NA,NA,NA,NA,"Animalia","Arthropoda","Arachnida","Mesostigmata","Uropodidae","Uropoda"
"OLD",8430433,"7ddf754f-d193-4cc9-b351-99906754a03b","8326529","5174242",NA,"Ixodes californicus Banks, 1908","Banks, 1908","Ixodes californicus","Ixodes","californicus",NA,"species",NA,NA,NA,NA,"Animalia","Arthropoda","Arachnida","Ixodida","Ixodidae","Ixodes"
"OLD",2184641,"7ddf754f-d193-4cc9-b351-99906754a03b","2184412","2184640",NA,"Ornithodoros aragaoi Fonseca, 1960","Fonseca, 1960","Ornithodoros aragaoi","Ornithodoros","aragaoi",NA,"species",NA,NA,NA,NA,"Animalia","Arthropoda","Arachnida","Ixodida","Argasidae","Carios"
"OLD",10662836,"7ddf754f-d193-4cc9-b351-99906754a03b","2184412","2184429",NA,"Ornithodoros capensis Clifford, Kohls & Sonenshine, 1964","Clifford, Kohls & Sonenshine, 1964","Ornithodoros capensis","Ornithodoros","capensis",NA,"species",NA,NA,NA,NA,"Animalia","Arthropoda","Arachnida","Ixodida","Argasidae","Carios"
"OLD",10669394,"4dd32523-a3a3-43b7-84df-4cda02f15cf7","4406521","4548761",NA,"Liponyssus pipistrelli Oudemans, 1903","Oudemans, 1903","Liponyssus pipistrelli","Liponyssus","pipistrelli",NA,"species",NA,NA,NA,NA,"Animalia","Arthropoda","Arachnida","Mesostigmata","Macronyssidae","Macronyssus"
"OLD",7648746,"7ddf754f-d193-4cc9-b351-99906754a03b","2184982","2184962",NA,"Argas reflexus Teng, 1978","Teng, 1978","Argas reflexus","Argas","reflexus",NA,"species",NA,NA,NA,NA,"Animalia","Arthropoda","Arachnida","Ixodida","Argasidae","Argas"
"OLD",2183243,"7ddf754f-d193-4cc9-b351-99906754a03b","2184365","2183239",NA,"Haemaphysalis leporis Neumann, 1897","Neumann, 1897","Haemaphysalis leporis","Haemaphysalis","leporis",NA,"species",NA,NA,NA,NA,"Animalia","Arthropoda","Arachnida","Ixodida","Ixodidae","Haemaphysalis"
"OLD",8430440,"7ddf754f-d193-4cc9-b351-99906754a03b","2184365","2183239",NA,"Haemaphysalis proxima Aragão, 1909","Aragão, 1909","Haemaphysalis proxima","Haemaphysalis","proxima",NA,"species",NA,NA,NA,NA,"Animalia","Arthropoda","Arachnida","Ixodida","Ixodidae","Haemaphysalis"
"OLD",8709312,"7ddf754f-d193-4cc9-b351-99906754a03b","2183844","2183731",NA,"Rhipicephalus pravus Santos Dias, 1955","Santos Dias, 1955","Rhipicephalus pravus","Rhipicephalus","pravus",NA,"species",NA,NA,NA,NA,"Animalia","Arthropoda","Arachnida","Ixodida","Ixodidae","Rhipicephalus"
"OLD",2183971,"7ddf754f-d193-4cc9-b351-99906754a03b","7967293","2183967",NA,"Amblyomma devium Neumann, 1899","Neumann, 1899","Amblyomma devium","Amblyomma","devium",NA,"species",NA,NA,NA,NA,"Animalia","Arthropoda","Arachnida","Ixodida","Ixodidae","Amblyomma"
"OLD",8430434,"7ddf754f-d193-4cc9-b351-99906754a03b","8326529","5174079",NA,"Ixodes frontalis Neumann, 1911","Neumann, 1911","Ixodes frontalis","Ixodes","frontalis",NA,"species",NA,NA,NA,NA,"Animalia","Arthropoda","Arachnida","Ixodida","Ixodidae","Ixodes"
"OLD",10248867,"7ddf754f-d193-4cc9-b351-99906754a03b","2183844","2183841",NA,"Rhipicephalus simus simus","Neumann, 1911","Rhipicephalus simus simus","Rhipicephalus","simus","simus","subspecies",NA,NA,NA,NA,"Animalia","Arthropoda","Arachnida","Ixodida","Ixodidae","Rhipicephalus"
"OLD",10662824,"7ddf754f-d193-4cc9-b351-99906754a03b","8326529","5174312",NA,"Ixodes ugandanus djaronensis Neumann, 1911","Neumann, 1911","Ixodes ugandanus djaronensis","Ixodes","ugandanus","djaronensis","subspecies",NA,NA,NA,NA,"Animalia","Arthropoda","Arachnida","Ixodida","Ixodidae","Ixodes"
"OLD",8709322,"7ddf754f-d193-4cc9-b351-99906754a03b","8326529","2182405",NA,"Ixodes autumnalis Schulze, 1941","Schulze, 1941","Ixodes autumnalis","Ixodes","autumnalis",NA,"species",NA,NA,NA,NA,"Animalia","Arthropoda","Arachnida","Ixodida","Ixodidae","Ixodes"
"OLD",10669395,"4dd32523-a3a3-43b7-84df-4cda02f15cf7","4406479","9503315",NA,"Pteronyssus subtruncatus Trouessart, 1885","Trouessart, 1885","Pteronyssus subtruncatus","Pteronyssus","subtruncatus",NA,"species",NA,NA,NA,NA,"Animalia","Arthropoda","Arachnida","Sarcoptiformes","Pteronyssidae","Sturnotrogus"
"OLD",7759101,"7ddf754f-d193-4cc9-b351-99906754a03b","2183844","2183596",NA,"Rhipicephalus sanguineus Rageau, 1951","Rageau, 1951","Rhipicephalus sanguineus","Rhipicephalus","sanguineus",NA,"species",NA,NA,NA,NA,"Animalia","Arthropoda","Arachnida","Ixodida","Ixodidae","Rhipicephalus"
"OLD",10612351,"7ddf754f-d193-4cc9-b351-99906754a03b","7967293","2184224",NA,"Amblyomma cyprium cyprium","Schulze, 1932","Amblyomma cyprium cyprium","Amblyomma","cyprium","cyprium","subspecies",NA,NA,NA,NA,"Animalia","Arthropoda","Arachnida","Ixodida","Ixodidae","Amblyomma"
"OLD",8709333,"7ddf754f-d193-4cc9-b351-99906754a03b","7967293","2184065",NA,"Amblyomma serpentinum Schulze, 1936","Schulze, 1936","Amblyomma serpentinum","Amblyomma","serpentinum",NA,"species",NA,NA,NA,NA,"Animalia","Arthropoda","Arachnida","Ixodida","Ixodidae","Amblyomma"
